USER ,MOVIES
20,108002,
30,71615,103247,79501,82694,101272,
33,
36,53125,54215,56592,56923,60086,64505,69947,107614,68646,111161,
40,60196,111161,54215,
46,
53,110598,
76,94964,
93,
124,50083,
133,
146,
177,64115,73486,
191,68646,113277,
198,
211,
221,68646,113277,
280,89218,
290,109830,99685,112641,
295,62512,
302,
308,76666,110912,
314,
316,
331,
336,68646,73486,102926,111161,
341,
344,105236,
373,
406,73486,
408,
415,112573,
427,78748,
430,70047,
437,50083,
468,68646,113277,
472,
474,60196,
511,49223,85407,
542,
549,68646,113277,
555,95016,
577,103064,
579,42332,43274,55254,66817,83866,91042,93409,97733,99785,104431,112697,43014,50083,62622,66921,68646,71562,73195,75148,76759,80684,82971,83866,93779,94737,95953,102926,107688,108052,110413,111161,
609,
628,76759,80684,86190,93437,112642,76759,
664,
695,54215,
711,87800,102951,111686,75314,
713,
721,
727,
740,53198,69293,
766,
775,68646,113277,
807,
808,
827,27977,
834,
853,
855,68646,71562,
866,
885,54215,73195,99785,54215,
951,58150,
957,83944,89880,
963,
990,32455,
1010,
1011,
1026,83922,
1028,97165,9968,13086,15163,17668,19286,19760,21739,23563,24252,27752,34978,36154,41931,45112,45708,46384,53390,57935,58946,59719,62480,62804,63278,63794,64921,66601,73650,75938,79470,85809,86650,87433,87995,95341,95715,96908,108471,109508,110057,113568,
1035,
1043,51036,53125,69762,87884,42994,86879,
1045,33467,47396,50083,59245,66921,74486,95016,99685,
1046,68646,113277,
1057,
1089,88847,
1115,112817,103064,
1134,
1136,86190,
1178,20530,66921,
1179,
1182,
1210,54215,70047,70047,
1216,90605,
1234,
1241,
1246,44081,51459,86879,
1253,51201,51201,
1266,
1275,70047,
1278,102492,
1288,
1289,33467,33467,103064,
1292,31679,92090,112818,
1328,
1332,99685,
1336,99348,61418,72820,87957,103783,112461,
1353,73486,
1355,75314,
1363,76759,86190,95953,102926,107048,
1365,59578,60196,
1372,51036,53125,69762,87884,
1401,63522,
1411,93773,
1425,47478,55630,56443,42876,44741,47478,51201,55630,56443,57565,58888,71853,80678,86879,88847,89881,93822,97165,104797,110912,112573,112641,
1430,91763,
1441,77651,77651,
1443,
1449,
1456,57012,57012,
1486,99674,101414,
1488,87843,73486,75314,95953,97441,105695,108052,108550,110322,110413,
1490,73486,
1492,
1505,
1530,110912,
1539,111161,
1540,86190,105695,
1555,73486,
1570,22100,
1610,
1617,
1618,
1621,111161,
1624,105236,61512,
1634,50083,50083,
1646,
1653,28346,31381,45223,47136,51744,51758,53559,54988,55200,56552,56687,58390,61814,62259,63350,63595,64055,65206,65462,65761,66126,66740,67277,67328,67341,67800,67975,67983,68168,68230,68282,68370,68503,68615,69332,69375,69792,69841,69890,69966,69994,70022,70078,70169,70510,71424,72284,73019,73600,73747,74080,74130,74285,74593,74806,75005,75161,76023,76853,77189,77247,77394,77474,77530,77745,77942,79271,79482,79869,79871,80040,80516,80948,81738,81747,82176,82252,82377,82418,82517,82748,82776,82813,82951,82966,83506,83755,83767,84111,85318,86119,86320,86589,87423,87998,89665,89907,91024,91671,93995,96118,96119,98157,99523,100740,102035,105236,107387,109707,110329,110667,
1684,95705,99674,102510,110622,111161,
1691,88247,
1738,51201,51201,
1763,102926,
1790,
1796,73486,
1805,87544,
1817,
1871,73195,95631,110632,
1884,54215,73195,99785,61852,
1888,34583,50083,
1895,
1899,93342,70511,81505,112471,
1916,91042,
1947,
1950,58888,
2020,
2029,87843,64116,
2030,88847,
2032,28346,31381,45223,47136,51744,51758,53559,54988,55200,56552,56687,58390,61814,62259,63350,63595,64055,65206,65462,65761,66126,66740,67277,67328,67341,67800,67975,67983,68168,68230,68282,68370,68503,68615,69332,69375,69792,69841,69890,69966,69994,70022,70078,70169,70510,71424,72284,73019,73600,73747,74080,74130,74285,74593,74806,75005,75161,76023,76853,77189,77247,77394,77474,77530,77745,77942,79271,79482,79869,79871,80040,80516,80948,81738,81747,82176,82252,82377,82418,82517,82748,82776,82813,82951,82966,83506,83755,83767,84111,85318,86119,86320,86589,87423,87998,89665,89907,91024,91671,93995,96118,96119,98157,99523,100740,102035,105236,107387,109707,110329,110667,
2106,90605,
2109,
2120,
2168,54215,73195,99785,61852,
2176,94291,
2205,
2207,73195,105236,105323,
2224,86250,86250,
2235,31381,71562,86879,83658,110912,
2283,19422,25641,44821,81505,110912,113243,
2309,29843,
2319,
2326,107688,
2333,68646,
2337,
2342,
2345,
2347,112817,
2376,54215,57012,108052,109830,
2388,
2397,
2401,92563,
2421,
2434,112471,
2439,60196,73486,60196,73486,111161,
2458,
2461,68646,71562,77416,80684,90605,99685,102926,103064,109830,111161,112384,112573,
2485,94291,
2496,17136,
2532,
2534,
2547,84726,88170,102975,
2574,53472,
2577,68646,71562,68646,71562,108052,
2578,79501,82694,101272,79501,82694,93773,100403,
2603,71853,82633,83866,
2606,47296,
2609,
2610,62622,104409,112471,
2623,
2624,23427,23563,51207,57345,73440,101410,
2634,79501,95953,
2635,88847,
2657,
2677,60196,110912,111161,
2679,108037,
2680,61852,54215,
2684,68646,71562,
2690,75314,
2704,
2712,87884,
2716,77405,
2731,73486,80678,107207,110413,50083,
2772,55254,
2774,64116,87843,112573,
2775,84726,93058,110413,
2779,
2783,
2788,34583,50083,52357,81398,83987,99685,108052,109830,76759,80684,86190,93437,112642,
2799,
2816,56869,
2827,78748,90605,102926,
2839,
2842,64115,70735,95327,95765,80678,
2867,
2870,
2890,
2927,76759,80684,86190,
2940,
3047,68646,71562,68646,71562,108052,
3084,
3088,
3120,98635,
3123,73486,
3133,50083,60196,102926,108052,110413,110912,
3177,23251,23613,24601,73195,75314,79116,82971,88763,102926,103064,
3179,
3187,32138,61811,63350,66921,68646,70034,70047,75148,76759,77651,80684,81505,82971,85334,86190,87332,87469,88247,90728,92005,92991,94226,95016,96438,96895,97576,97757,99685,100157,102926,103064,103776,104691,105695,107290,108551,109506,109830,110357,110912,112442,112641,113118,113277,
3192,13442,17136,24216,24481,25746,29947,31381,32145,33467,36342,36775,37865,41509,42276,43278,45152,46807,48445,49055,50212,51383,52225,52618,53793,54331,55018,55205,56262,56592,57334,59113,60176,61418,62794,63385,63522,65088,67116,67185,69303,71115,71598,73341,73440,73540,74860,78788,78875,78902,79596,80310,81398,82269,82432,82736,82783,82912,83866,83987,84516,85370,85461,86197,86425,86879,87892,88275,88846,90203,90756,91167,93779,94347,95497,97165,101889,103243,104036,104454,108101,110428,
3197,21749,38650,111161,38650,47396,68646,82971,110912,
3222,68646,68646,
3225,17136,
3247,81534,
3269,92965,
3284,81505,109506,
3292,109830,
3296,48545,
3299,68646,71562,86250,99674,
3320,92890,
3337,
3349,50083,50083,99685,112573,
3367,
3372,108052,
3394,57012,57012,
3430,
3440,71249,
3461,50083,60196,66921,73486,109830,110912,
3496,88763,99088,
3524,52357,54215,
3527,88930,
3543,54215,
3544,
3570,
3580,71230,98282,71230,
3586,87800,102951,111686,
3614,22100,
3617,
3620,
3632,103776,
3640,74937,
3646,
3647,68646,71562,99685,87843,
3673,77651,77651,
3683,
3688,
3694,99685,
3724,68646,71562,27977,68646,71562,
3725,50083,52357,
3755,
3758,
3762,77416,
3802,94291,68646,108052,
3821,90670,
3825,79470,
3833,
3844,68646,71562,71562,
3849,105236,105323,
3857,36775,37638,37913,41113,54215,78748,113277,17925,18455,31885,35446,40536,44837,45034,51792,55601,56732,62136,100234,
3865,76759,
3866,58331,
3881,
3892,111161,
3894,71230,98282,71230,
3903,
3905,99487,
3909,51201,75314,110413,112573,50083,99685,112573,
3917,88247,
3925,54215,
3943,50083,60196,102926,108052,110413,110912,50083,60196,
3953,97165,97165,
3983,
3988,
4005,50976,
4007,90728,
4012,97576,107048,
4016,43014,
4023,
4037,85706,
4086,96463,
4092,
4095,79522,
4100,87332,
4103,
4105,46250,58385,
4112,
4117,109686,
4123,43014,
4137,
4141,71562,111161,71562,
4162,99674,101414,
4163,61512,
4185,
4188,97958,
4192,12364,15361,16847,17136,18455,23649,31885,32976,37008,38733,38823,40536,40725,41699,42804,42906,43014,43924,44741,45034,45152,45537,46912,47445,47478,48261,48424,49010,49869,50613,51036,51207,51792,52893,53604,54632,55032,55601,55630,56732,62229,62622,86637,100234,
4193,
4242,76759,80684,111161,
4246,80678,
4280,71562,111161,71562,
4281,98206,
4289,
4295,
4302,
4305,
4310,19760,95765,
4315,87332,
4316,79501,82694,101272,79501,82694,93773,100403,
4328,
4335,93177,94721,76759,80684,99685,
4350,80684,80684,
4358,
4362,
4367,109830,64116,
4389,58331,
4393,51201,
4409,
4434,73486,
4470,81505,110912,111161,81505,109506,
4472,50083,70735,50083,54215,60196,70735,73486,86250,109830,110413,110912,111161,113277,
4494,
4502,87332,88763,99088,109830,110357,76759,80684,111161,
4511,58182,
4516,73195,
4518,
4529,68646,71562,
4549,69495,63350,
4573,54215,70047,70047,
4605,
4615,80455,
4622,69293,107822,
4623,111161,
4655,
4667,68646,71562,43274,70047,86190,
4670,
4681,
4682,
4697,111161,110413,
4698,
4714,
4723,44741,
4728,77631,111161,
4740,53291,53291,
4741,
4749,
4752,
4755,73629,75314,107290,
4779,101765,53291,59274,101410,
4808,34583,50083,52357,81398,83987,99685,108052,109830,71315,
4814,
4816,73486,
4831,
4850,
4859,56172,95765,107290,
4871,
4875,79417,
4879,66921,
4884,40522,72890,75314,80678,105236,40522,46438,50976,52357,64116,78788,87884,100935,
4889,102926,110357,50083,
4897,
4922,71853,71853,79470,
4973,79945,84726,88170,92007,98382,102975,
4974,
4989,110413,
5013,
5101,
5109,
5110,91828,111161,
5114,
5126,
5132,
5137,22125,22125,
5143,85204,110912,
5195,
5204,
5218,58385,
5224,50083,50083,70735,
5228,
5257,36868,42192,70735,74958,80678,97937,
5269,75314,71487,74958,78788,81398,101410,
5282,111161,110413,
5285,55630,107048,
5287,54215,57012,108052,109830,
5291,
5298,95953,
5350,
5352,94625,94625,
5360,
5399,
5416,111161,
5423,
5482,92644,107290,
5483,88847,86250,
5486,
5495,
5500,68646,71562,68646,71562,108052,
5507,106308,
5510,46521,64116,
5528,43014,43014,97728,
5534,38650,50083,64116,87843,105695,106519,34583,50083,60196,81398,86879,88939,95327,107207,
5567,111161,83987,
5597,70047,
5598,31679,92090,112818,
5655,102926,111161,
5658,74860,
5670,44741,42876,44741,47478,51201,55630,56443,57565,58888,71853,80678,86879,88847,89881,93822,97165,104797,110912,112573,112641,
5675,86879,86879,108550,
5698,
5703,54215,
5709,
5737,96438,
5754,88763,
5770,32599,37884,42876,44706,79579,92593,
5801,
5827,
5846,97937,110322,
5865,92695,
5882,
5919,
5923,68646,113277,
5925,98084,
5931,77651,77651,
5933,81505,
5935,
5959,
5963,109830,
5965,60196,76759,80684,86190,33467,34583,71315,76759,78788,80684,81505,82971,83658,102926,108052,110912,111161,
5967,94964,
5971,
5991,71562,111161,71562,
6009,99685,
6013,50083,51201,
6031,
6038,78748,90605,
6058,
6066,56172,91763,
6067,78788,78788,110912,
6122,101414,
6130,60196,111161,
6138,43618,
6150,
6152,
6155,83658,
6158,
6163,84503,
6168,70047,78748,82971,102926,110912,
6175,75686,
6184,81505,109506,
6193,111161,73629,
6253,111161,
6265,68646,113277,
6269,
6273,54047,60196,100802,103074,106856,
6289,
6308,
6325,34583,50083,54215,50083,54215,
6332,84868,
6360,78935,73195,
6366,
6376,
6380,
6394,102057,
6401,
6411,68646,113277,
6414,51453,66895,66963,68285,69847,72251,80339,86465,
6427,51201,51201,
6449,
6456,75314,
6496,
6511,50613,18455,
6521,82198,
6555,66206,73486,
6579,78748,90605,31381,68646,83987,110357,
6595,
6597,
6598,73486,
6623,71562,68646,71562,86250,110413,112641,
6624,54215,73195,99785,61852,
6628,108052,50083,60196,102926,108052,110413,110912,
6642,
6651,
6653,75148,89927,97757,75148,79817,84602,87538,89927,109040,112281,
6659,53198,53198,
6680,76759,80684,
6690,
6712,
6727,83944,89880,
6764,78935,77402,
6767,
6777,25878,43012,51201,60522,
6789,68646,113277,
6808,88847,
6818,62765,
6832,46438,53604,
6878,50083,99685,112573,
6881,
6884,42192,
6890,87363,87363,
6891,
6892,
6905,34583,
6925,75686,
6927,27977,
6958,
6965,
6972,20698,24989,25373,26029,26614,27131,27876,28232,31762,32138,33029,33558,34445,34985,35417,36125,36706,37179,37219,37671,38453,41332,41841,42895,43130,43924,43994,44013,46876,47033,47679,48342,48570,48600,49294,49487,50105,50271,50825,50894,51087,51406,51994,53359,53804,53849,53946,54881,55394,55608,55928,56101,56255,57298,58150,58930,59045,59250,59309,59706,60232,60921,61735,62512,62803,63518,64115,64617,64923,65669,67457,67458,70337,70509,72912,73244,73559,73692,74777,75005,75686,77280,77394,78748,81071,82377,82398,83658,84387,84827,85811,87910,87932,88847,89265,92099,92563,92991,93177,93596,94739,95294,95897,96734,97179,97742,98384,100502,101587,101811,102744,103919,105813,106664,108160,108238,110099,110167,112697,112966,
6989,32138,66921,88763,92005,100405,32138,90605,96895,103064,
7025,73195,73195,
7029,21749,38650,111161,
7039,
7051,
7054,97778,
7071,42876,42876,79579,
7073,
7074,78788,
7076,
7093,50083,64116,102926,105695,108052,109830,111161,40522,72890,75314,80678,105236,
7103,71562,73486,75314,
7108,87332,88763,99088,109830,110357,88763,
7179,57115,65207,67116,76759,80684,95016,
7180,26029,53291,56172,80120,84726,112573,
7183,111161,
7198,58182,
7199,
7203,50083,
7213,88247,
7221,68646,113277,
7240,
7273,68646,111161,68646,113277,
7275,32138,90605,96895,103064,99685,
7292,68646,75314,81398,86250,108052,109830,56172,95953,109830,
7311,
7324,
7352,
7353,
7377,99785,107688,
7412,109830,111161,68646,71562,105323,111161,112573,
7424,76759,86190,95953,102926,107048,
7436,81505,109506,81505,
7437,89885,113253,43274,70047,86190,
7456,
7461,68646,113277,
7517,
7529,75860,
7549,
7575,
7576,50083,
7582,
7607,102926,57115,
7611,
7626,
7629,60196,111161,
7640,60196,73486,102926,109830,110413,111161,
7646,64541,
7655,
7661,
7667,
7679,99348,
7684,49833,78346,
7687,
7692,48394,
7704,53291,53291,
7706,75314,86250,
7707,112573,
7712,83987,
7713,
7718,
7726,64471,101605,106673,
7731,99785,99785,104431,
7736,22100,
7747,31679,92090,112818,
7768,
7771,14429,57115,86879,112471,
7784,58331,
7790,
7821,
7848,95765,95765,
7851,
7860,
7868,110912,
7890,
7906,95765,
7911,99348,108550,
7946,
7950,
7956,62622,104409,112471,
7967,54215,57012,60908,65988,78841,95250,110413,112817,
7985,68646,108052,
7989,101393,
7999,
8013,20698,24989,25373,26029,26614,27131,27876,28232,31762,32138,33029,33558,34445,34985,35417,36125,36706,37179,37219,37671,38453,41332,41841,42895,43130,43924,43994,44013,46876,47033,47679,48342,48570,48600,49294,49487,50105,50271,50825,50894,51087,51406,51994,53359,53804,53849,53946,54881,55394,55608,55928,56101,56255,57298,58150,58930,59045,59250,59309,59706,60232,60921,61735,62512,62803,63518,64115,64617,64923,65669,67457,67458,70337,70509,72912,73244,73559,73692,74777,75005,75686,77280,77394,78748,81071,82377,82398,83658,84387,84827,85811,87910,87932,88847,89265,92099,92563,92991,93177,93596,94739,95294,95897,96734,97179,97742,98384,100502,101587,101811,102744,103919,105813,106664,108160,108238,110099,110167,112697,112966,
8032,
8036,
8038,64665,73486,
8043,87332,99685,
8050,40522,72890,75314,80678,105236,
8051,87544,
8069,
8088,66921,
8135,20698,24989,25373,26029,26614,27131,27876,28232,31762,32138,33029,33558,34445,34985,35417,36125,36706,37179,37219,37671,38453,41332,41841,42895,43130,43924,43994,44013,46876,47033,47679,48342,48570,48600,49294,49487,50105,50271,50825,50894,51087,51406,51994,53359,53804,53849,53946,54881,55394,55608,55928,56101,56255,57298,58150,58930,59045,59250,59309,59706,60232,60921,61735,62512,62803,63518,64115,64617,64923,65669,67457,67458,70337,70509,72912,73244,73559,73692,74777,75005,75686,77280,77394,78748,81071,82377,82398,83658,84387,84827,85811,87910,87932,88847,89265,92099,92563,92991,93177,93596,94739,95294,95897,96734,97179,97742,98384,100502,101587,101811,102744,103919,105813,106664,108160,108238,110099,110167,112697,112966,
8139,73486,
8145,
8155,88847,
8162,107688,
8164,
8185,
8194,
8226,71853,
8232,73486,82971,88763,93773,97576,81505,99685,
8256,68646,113277,
8261,52357,53291,62622,
8279,95327,102926,
8282,110357,
8348,34583,34583,
8353,
8357,68646,113277,
8401,101410,
8469,34583,34583,50083,52357,81398,83987,99685,108052,109830,
8488,86190,97523,99951,103772,112819,
8495,76759,80684,
8512,78748,
8523,60196,68646,68646,99674,99785,112471,
8532,
8546,89461,
8566,50083,
8580,53619,54130,54599,62994,100935,48452,53619,73440,
8606,50083,
8610,50083,104797,111161,
8623,68646,113277,
8624,34583,
8646,66763,83987,88099,
8652,101507,
8659,82031,79501,82694,101272,
8701,40522,50825,57012,82096,86879,
8723,75314,103639,57546,104694,
8733,
8743,
8760,33467,38650,50083,53125,53604,54215,68646,71315,71562,73486,78788,81398,86879,90605,92005,99685,103064,105695,108052,110357,110912,111161,112573,42876,52357,78748,
8767,19901,39628,44860,46912,47034,75860,76162,88247,88763,89945,90605,91223,92007,92513,93220,95016,104691,
8768,
8780,68646,71562,73486,86250,102926,105323,108052,110413,110912,111161,68646,71562,86250,
8796,46183,75148,78346,79501,87332,88763,89218,93058,93409,97733,99088,104714,104940,107290,110357,112573,
8811,12349,12349,
8816,85334,
8855,
8864,67866,71615,103247,
8883,76759,80684,86190,93437,112642,76759,
8901,74486,96256,
8906,
8920,108052,
8944,68646,73486,105236,105323,108052,68646,73486,109686,
8946,88847,
8951,93058,102685,
8969,87843,87843,
8971,
8978,50083,
8979,76759,76759,
8983,79522,111161,
8985,68646,71562,
8999,95016,
9005,68646,113277,
9006,68646,71562,73486,86250,102926,105323,108052,110413,110912,111161,
9018,29583,
9050,
9052,82198,
9054,68646,99685,99685,109830,110912,
9055,89424,
9086,
9120,38650,53291,60196,61722,102926,
9135,103639,
9145,50083,60196,104797,50083,60196,102926,108052,110413,110912,
9149,95467,
9152,47396,
9178,50083,
9183,82198,87078,89893,93437,
9189,
9210,
9236,
9246,56111,74486,55031,
9250,93191,63442,
9254,110357,
9265,87843,87884,91763,
9283,31381,68646,83987,110357,64115,73486,99685,109830,110912,111161,
9294,64115,73486,99685,109830,110912,111161,87843,87884,91763,
9307,
9326,72890,57012,
9330,38669,38988,40506,42192,42208,46911,47396,47892,48021,48261,49406,52311,52357,52561,53779,60955,61811,66921,68182,71360,73486,75314,78788,79501,81505,85334,87332,88247,88763,88846,90605,91042,92005,93191,93748,94291,96874,98635,103064,107048,
9387,
9390,95705,
9413,
9420,
9422,
9435,111161,110413,
9444,80455,
9455,93177,94721,
9467,83987,83987,
9474,80761,82418,86006,89523,89670,
9490,99685,
9495,82198,82198,
9496,
9537,105236,
9559,
9604,
9613,17136,73486,100405,
9630,76578,
9650,108052,
9658,
9663,76759,80684,86190,93437,112642,76759,80684,
9667,58331,
9668,
9679,88930,93744,96895,99422,100758,101272,104694,106697,107977,109676,
9702,111161,40522,95765,
9722,
9741,111161,
9772,
9779,
9780,68646,113277,
9790,87332,111161,
9797,
9808,72271,83944,
9825,42192,51201,111495,38669,38988,40506,42192,42208,46911,47396,47892,48021,48261,49406,52311,52357,52561,53779,60955,61811,66921,68182,71360,73486,75314,78788,79501,81505,85334,87332,88247,88763,88846,90605,91042,92005,93191,93748,94291,96874,98635,103064,107048,
9840,33467,33467,103064,
9843,112471,
9862,111161,
9883,33467,33467,103064,
9911,
9918,54215,
9932,95016,95016,
9956,54215,
9961,78788,78788,110912,
9976,
9982,80339,
9995,
10001,
10018,38650,46912,
10025,110598,
10042,
10046,41959,113247,
10054,88847,
10077,
10084,57012,57012,
10103,50083,60196,66921,73486,109830,110912,50083,54215,60196,70735,73486,86250,109830,110413,110912,111161,113277,
10108,87843,87884,91763,
10112,
10113,93058,102685,73195,
10133,59646,74958,
10153,87800,102951,111686,
10161,76759,80684,86190,93437,112642,76759,
10171,57115,65207,67116,76759,80684,95016,
10186,108399,
10217,87332,107290,
10224,78748,
10235,
10239,71230,72431,89280,89530,100665,104257,111257,
10263,73195,81505,
10279,70047,
10291,
10292,
10293,
10318,83658,89886,83907,
10331,76786,84787,88847,91369,96283,96438,100814,
10365,
10382,
10386,96320,102926,
10391,47296,
10440,70047,86250,102926,105323,109707,110413,110475,113277,
10483,92675,
10485,
10495,54215,60196,81398,86879,87843,99685,105323,107207,109830,112641,113277,61512,64115,81398,100150,109830,110413,
10514,80684,86190,
10528,
10538,52357,
10541,
10543,
10554,
10557,80339,86465,
10561,68646,
10579,71853,84787,87332,90605,103064,109686,
10623,
10652,21749,47396,50083,56172,58461,59578,66921,92005,95765,105695,108052,110912,112573,112641,
10662,45061,45061,
10667,60196,68646,68646,113277,
10683,56869,100157,50083,54698,93389,102138,
10688,23251,23950,29747,71524,
10700,48140,26138,54387,
10703,
10729,76759,80684,
10734,66921,
10762,
10767,68646,73486,109686,73486,
10802,68646,111161,
10805,87843,87884,91763,
10807,
10808,60196,73486,102926,109830,110413,111161,60196,73486,
10823,
10832,18037,
10835,102926,57115,
10839,73195,73195,
10845,34583,
10869,
10887,
10889,48434,62622,19254,44837,
10893,38650,50083,50083,
10898,95953,
10918,38057,93713,
10926,97757,
10932,109830,
10955,
10960,46183,46183,
10969,
10984,99785,107688,
10996,
11009,40522,72890,75314,80678,105236,31381,46268,50825,53198,53291,53604,55257,57565,59113,59592,64040,
11019,60196,73486,50083,73486,
11023,17925,18455,31885,35446,40536,44837,45034,51792,55601,56732,62136,100234,97165,
11035,112573,83866,
11047,81534,81534,
11058,53125,84726,93058,110413,
11066,
11067,62622,104409,112471,
11073,
11081,95016,
11102,23902,27977,32599,36613,36775,40746,40979,41699,45152,46912,47528,48545,49730,52311,53291,54389,56111,56217,57163,70460,73341,88680,95327,101410,105151,107207,109707,110074,
11113,75860,
11137,59578,60196,
11159,68646,73486,109686,68646,108052,
11200,38650,47296,105793,75148,89927,97757,
11220,80678,
11234,38650,50083,64116,87843,105695,106519,
11260,68646,113277,
11273,63522,
11278,
11282,
11288,61512,
11320,46438,53604,47296,
11327,
11328,
11364,
11371,
11379,54698,107614,109830,111070,112757,
11382,73486,
11396,79522,
11411,99487,
11419,64116,64116,
11428,33467,34583,50083,56592,
11432,
11443,60196,111161,
11445,
11446,95953,
11455,60196,111161,
11458,56552,
11461,50083,60196,
11491,95765,95765,
11499,38650,113161,38650,62622,
11506,50083,
11507,
11510,31381,34240,45061,49730,52357,53221,56217,65126,68646,71562,75314,76759,78788,80684,81398,83658,86066,86190,97576,98724,99674,103064,105112,110912,113277,39628,67992,75314,95016,95647,99653,99685,99938,101414,102685,102926,103639,104797,105211,105236,107387,109040,110357,111257,112461,
11523,
11543,103064,
11547,83907,
11557,57012,57012,
11559,
11560,
11579,99685,
11593,68646,111161,
11599,
11631,81505,109506,
11643,88944,88944,
11644,111161,
11707,
11726,
11727,83987,54215,57012,60908,65988,78841,95250,110413,112817,
11734,68646,68646,
11741,66921,
11749,47396,
11760,88847,91042,97757,101414,110357,
11770,73486,75314,95953,97441,105695,108052,108550,110322,110413,111161,
11794,80455,
11841,52357,103064,108052,
11856,45152,
11865,13442,15324,15864,20629,32138,36613,36868,40746,44079,44741,46268,46359,46912,49406,49833,50212,50986,51201,52561,53198,54331,54997,55630,56193,56218,58461,58777,60827,61184,61512,61722,62229,64115,65214,69281,70511,72684,72890,74812,79116,79944,83658,83987,87884,89881,92067,93779,95953,96446,97937,107048,107207,109445,111495,112471,113247,113277,31381,46268,50825,53198,53291,53604,55257,57565,59113,59592,64040,
11866,78748,
11869,59742,77631,
11888,34583,50083,60196,81398,86879,88939,95327,107207,112471,
11891,57115,65207,67116,76759,80684,95016,
11893,56869,100157,53779,65571,
11921,92965,92005,106246,
11927,88323,
11934,
11936,68646,68646,110413,
11942,81505,109506,
11961,90605,
11978,56732,76759,80684,92007,
11993,
12003,
12005,45152,97165,
12008,89791,
12014,21884,26138,72431,40068,68646,71562,73195,77975,78788,79501,82694,83131,83658,83866,85334,86250,87332,88247,90605,91059,91763,93075,93773,93870,96438,97428,97441,97576,99685,102685,104850,106977,107048,107290,108052,108358,110413,111161,111282,111503,112641,113277,
12029,59742,59742,111161,
12057,
12059,47396,
12086,53291,
12091,103064,
12102,
12115,
12132,61512,
12162,51201,51201,
12170,91369,91369,
12190,
12191,79501,86192,103950,
12212,50083,107120,72684,90305,96463,
12220,21749,47396,50083,56172,58461,59578,66921,92005,95765,105695,108052,110912,112573,112641,42876,52357,78748,
12223,
12239,
12255,
12292,68646,71562,105323,111161,112573,68646,73486,102926,111161,
12303,64116,64116,
12306,75314,
12321,
12324,61852,
12348,78346,
12364,95327,64115,70735,95327,95765,
12370,61184,61184,
12375,73486,81505,108052,
12420,53125,
12431,
12435,
12441,
12459,
12469,41719,50634,55499,64040,
12485,111161,
12501,88258,32455,
12504,71562,111161,71562,
12514,109830,51201,109830,
12522,
12534,99685,
12564,87843,87884,91763,
12572,
12587,
12591,
12600,68646,113277,
12619,48452,53619,73440,
12645,59578,60196,
12652,
12717,81505,109506,
12726,60196,111161,
12730,
12742,
12760,94964,
12770,86190,
12786,50083,
12807,
12815,
12833,76578,
12840,
12850,97123,
12860,
12864,68646,113277,
12875,68646,113277,
12893,
12903,76759,80684,87332,111161,68646,71562,
12928,54215,57012,108052,109830,
12938,
12953,46250,58385,54698,107614,109830,111070,112757,
12965,54698,91042,
12996,56058,91670,56058,
13013,
13014,110413,
13021,
13038,70047,76759,80684,82971,86190,99685,109506,110912,111161,
13043,97441,97937,107207,111161,
13059,99077,
13061,81505,109506,
13084,71615,
13088,
13121,
13138,
13146,43014,83944,85549,89173,98519,
13158,49730,68646,71562,74958,110057,
13206,
13223,73486,76759,99487,
13236,
13237,96895,
13240,13442,17136,24216,24481,25746,29947,31381,32145,33467,36342,36775,37865,41509,42276,43278,45152,46807,48445,49055,50212,51383,52225,52618,53793,54331,55018,55205,56262,56592,57334,59113,60176,61418,62794,63385,63522,65088,67116,67185,69303,71115,71598,73341,73440,73540,74860,78788,78875,78902,79596,80310,81398,82269,82432,82736,82783,82912,83866,83987,84516,85370,85461,86197,86425,86879,87892,88275,88846,90203,90756,91167,93779,94347,95497,97165,101889,103243,104036,104454,108101,110428,
13252,71853,79470,71853,79470,105236,110912,
13269,73195,
13284,
13301,
13326,81505,109506,
13329,54698,63442,71562,
13330,57012,72684,
13376,46183,75148,78346,79501,87332,88763,89218,93058,93409,97733,99088,104714,104940,107290,110357,112573,32138,61811,63350,66921,68646,70034,70047,75148,76759,77651,80684,81505,82971,85334,86190,87332,87469,88247,90728,92005,92991,94226,95016,96438,96895,97576,97757,99685,100157,102926,103064,103776,104691,105695,107290,108551,109506,109830,110357,110912,112442,112641,113118,113277,
13377,91167,93777,
13394,54215,60196,81398,86879,87843,99685,105323,107207,109830,112641,113277,64115,70735,95327,95765,
13419,68646,113277,
13440,78966,91474,
13461,
13479,
13492,111161,
13497,25641,57546,81505,111161,
13498,
13519,59742,59742,111161,
13533,59742,59742,111161,
13540,
13572,
13580,34583,58777,101765,
13617,
13620,
13622,87800,102951,111686,
13648,95705,
13657,
13681,
13704,63518,93409,102492,
13712,
13713,
13722,
13723,
13730,
13735,64418,54698,58385,64418,
13759,
13761,40522,53946,56111,56663,57012,69704,84934,86216,93058,
13789,57012,57012,
13793,102926,78748,90605,
13795,50083,50083,
13801,
13818,
13825,
13829,68646,113277,
13847,88930,
13848,
13868,60138,57611,60138,69467,
13887,73195,73195,
13923,
13928,34583,
13937,73486,
13961,57012,60827,107207,64665,
13995,54698,60196,
13997,71853,
14017,
14054,68646,113277,
14058,93389,93389,
14085,38650,108052,
14106,78748,
14120,87538,
14133,105323,95953,105323,
14139,78748,
14157,75148,89927,97757,
14159,76759,80684,86190,93437,112642,76759,
14224,91763,
14228,77631,111161,
14238,
14241,95765,95765,
14247,
14253,73195,73195,
14267,110912,
14269,97441,97937,107207,111161,
14286,76759,80684,86190,
14295,102926,111161,
14305,
14315,
14316,86250,
14326,
14329,99685,112641,
14341,111161,
14358,87843,
14365,
14369,68646,113277,
14411,76759,80684,86190,93437,112642,76759,
14417,58331,
14420,
14428,32904,38650,112573,
14436,42876,52357,78748,62622,78748,80684,82971,83658,83866,
14439,
14447,54215,73195,99785,54215,
14496,81505,109506,
14498,31381,68646,83987,110357,95016,
14505,39628,67992,75314,95016,95647,99653,99685,99938,101414,102685,102926,103639,104797,105211,105236,107387,109040,110357,111257,112461,
14516,
14523,
14524,25641,57546,81505,111161,
14553,
14573,
14584,
14592,83944,89880,
14599,50083,
14604,111161,
14628,
14630,73486,99685,105323,
14674,73486,80678,107207,110413,
14675,79522,
14736,59742,59742,111161,
14753,83944,89880,
14755,
14776,18455,50613,55601,57012,60827,69467,78788,17925,18455,31885,35446,40536,44837,45034,51792,55601,56732,62136,100234,
14782,81505,109506,
14791,54698,91042,
14845,83866,
14852,61722,61722,
14854,
14926,106308,
14961,
14967,108399,
14972,
14995,
15072,
15083,68646,113277,
15085,38650,46912,
15091,19901,39628,44860,46912,47034,75860,76162,88247,88763,89945,90605,91223,92007,92513,93220,95016,104691,
15092,68646,113277,
15124,87332,88763,99088,109830,110357,76759,83907,86190,87800,88247,88763,92991,93177,93870,96874,97576,99088,100802,103064,106308,
15127,
15141,
15152,
15163,
15199,76759,80684,86190,93437,112642,76759,
15221,
15225,73486,
15233,
15239,
15251,
15258,
15261,41959,
15276,50083,
15356,59742,59742,111161,
15360,104691,75860,
15381,
15386,
15394,38650,50083,64116,87843,105695,106519,71315,
15397,63415,36775,
15440,
15444,111161,
15516,101272,104694,106220,109830,
15525,88847,93389,
15562,68182,68182,
15604,71562,111161,71562,
15617,112573,41959,
15632,
15644,83658,83658,108399,109506,
15648,78748,
15650,51201,51201,
15660,88847,
15669,
15682,
15684,
15691,34583,
15706,87843,
15711,
15715,55928,57076,58150,
15723,56443,42876,44741,47478,51201,55630,56443,57565,58888,71853,80678,86879,88847,89881,93822,97165,104797,110912,112573,112641,
15729,
15736,53779,65571,38650,112471,
15761,54215,68646,54215,73195,99785,
15763,
15784,68646,99674,
15799,51201,
15801,97165,97165,
15819,
15830,70460,71690,79944,
15840,
15846,75314,31381,
15856,64115,
15863,62622,104409,
15877,73486,75314,95953,97441,105695,108052,108550,110322,110413,
15896,
15904,108052,112573,
15906,
15926,
15928,50083,
15941,52311,62622,
15948,40522,46438,50976,52357,64116,78788,87884,100935,
15963,
15964,
15965,
15968,92005,106246,83658,100405,
15981,99077,
15987,95327,102926,
15995,13257,21749,61847,
16015,
16048,
16072,33467,33467,103064,
16079,79501,82694,101272,
16092,
16104,91042,100150,104036,99685,
16119,66921,111161,
16139,78935,
16157,71562,86250,71562,86250,
16174,
16175,71562,111161,71562,
16179,50083,21749,27977,32553,33467,34583,47478,50083,50825,53946,55031,55728,56172,56592,57012,62622,63227,68646,71562,73486,74119,82096,108052,111161,
16191,40897,
16214,
16219,65234,
16225,75314,86250,73195,81505,
16226,62804,73650,
16229,93870,93870,
16235,33467,
16244,
16250,68646,
16258,
16282,99653,
16292,
16294,88847,99077,109830,
16299,94291,109686,
16304,
16317,33045,
16323,82971,87469,
16336,62622,104409,112471,
16344,
16354,97351,
16359,110413,
16401,40522,50825,57012,82096,86879,
16422,29843,29843,
16452,50083,
16465,53125,
16466,104431,104431,
16476,113247,
16485,102926,32138,66921,88763,92005,100405,
16500,62622,78748,80684,82971,83658,83866,
16504,61184,
16512,71562,99685,112573,
16533,102926,
16556,73486,81505,108052,
16579,102926,111161,109830,111161,112573,
16582,44008,97165,108394,110912,111495,111507,112471,
16590,77631,111161,
16593,50825,51201,97441,97937,107207,111161,
16600,
16623,
16625,87843,87884,91763,
16651,50083,104797,111161,
16654,40746,44079,47396,48750,53125,54215,56869,91059,91369,99423,
16661,
16684,
16695,5074,5571,6177,18773,88258,102598,
16706,
16716,94291,
16733,
16742,
16749,
16778,99487,
16779,
16790,
16806,34583,50083,60196,81398,86879,88939,95327,107207,68646,71562,77416,80684,90605,99685,102926,103064,109830,111161,112384,112573,
16808,74486,96256,
16870,71615,103247,71615,82933,
16887,14429,19109,21749,28212,30643,36154,37558,50585,50634,51542,55910,56066,58138,58450,58458,65944,69865,73858,77138,77711,100024,
16903,57115,38650,47296,105793,
16923,92067,
16933,
16947,77416,
16969,80684,90605,
16986,
17013,
17056,59646,
17074,
17075,36775,
17078,75314,
17079,89885,113253,
17086,92005,103064,
17110,50083,73486,
17111,
17128,105236,
17141,
17144,87843,87884,91763,
17165,52357,103064,108052,55031,
17241,105323,
17252,97165,97165,
17274,
17285,
17301,88847,
17310,
17321,
17326,75314,
17332,92890,92890,102945,
17353,50083,70511,72890,102926,
17368,
17371,
17377,
17412,
17415,
17421,
17439,83866,
17489,75686,
17510,88847,
17511,88847,91042,97757,101414,110357,
17519,68646,71562,
17527,22100,81398,
17535,75686,75686,
17553,39628,
17571,
17586,70608,84787,91042,
17590,78748,93409,106977,111161,88763,92067,102057,
17592,54215,
17593,75314,
17615,24216,70047,
17624,34583,
17634,
17639,21749,54215,
17667,33467,38650,50083,53125,53604,54215,68646,71315,71562,73486,78788,81398,86879,90605,92005,99685,103064,105695,108052,110357,110912,111161,112573,68646,105323,108052,109830,
17704,78748,90605,
17714,13257,21749,61847,31473,33836,36217,36515,37008,37865,38279,40613,42544,42634,42788,43132,47094,47811,50825,50839,57286,57598,58409,60232,60491,60748,65126,76245,76729,78721,82288,83111,85780,91658,95276,102820,
17724,88247,87538,
17726,84726,88170,102975,84726,93058,110413,
17747,106387,108425,110950,111507,97937,107207,
17751,
17771,54215,73195,99785,54215,
17796,
17800,54215,
17801,34583,54698,61722,73486,77631,81696,84434,89755,92099,92890,93105,93389,94812,97165,98384,98635,99685,100405,103074,104694,105265,107818,107822,108052,108160,112818,61722,70047,73486,95016,96438,105323,
17810,14429,19109,21749,28212,30643,36154,37558,50585,50634,51542,55910,56066,58138,58450,58458,65944,69865,73858,77138,77711,100024,
17814,54215,40746,44079,47396,48750,53125,54215,56869,91059,91369,99423,
17844,109830,
17854,72890,99685,112573,73486,75314,
17879,
17882,70040,93058,107207,108052,113247,93191,
17894,
17905,
17906,
17916,
17937,54698,91042,
17946,60196,73486,111161,60196,73486,102926,109830,110413,111161,
17953,19760,
17963,68646,
17969,99674,101414,
17979,
18022,68646,111161,68646,99685,
18032,
18033,
18052,
18053,
18071,
18076,
18077,56172,59113,75686,
18079,33870,
18083,
18098,79945,84726,88170,92007,98382,102975,
18101,
18102,112471,
18107,62622,104409,112471,
18116,
18123,50083,71315,78788,100150,73486,
18125,90605,
18129,73800,87884,96288,111507,
18136,51201,73486,87843,94226,104797,
18161,88847,
18173,48028,48545,
18187,
18193,99685,
18212,
18235,57115,
18237,112573,41959,
18245,
18248,68646,113277,
18256,95765,
18257,
18266,76759,80684,86190,93437,112642,76759,
18270,
18275,68646,71562,86250,71562,
18296,
18304,40746,44079,47396,48750,53125,54215,56869,91059,91369,99423,71562,
18335,106977,
18341,71853,
18374,70917,
18377,99674,99674,102926,
18387,111161,89424,
18391,111161,
18398,
18403,92513,85995,97958,
18411,73486,
18420,75686,
18454,32138,68646,80684,109830,111161,12364,
18455,63522,
18459,63522,
18501,87332,
18524,81505,109506,83658,
18529,111161,
18539,
18549,67959,
18572,99785,99785,104431,
18575,
18582,53125,
18596,77651,
18634,96438,
18666,
18672,
18674,55928,58150,62512,66995,71807,87781,88763,96874,101414,104107,111438,111503,55928,57076,58150,
18689,57115,57115,
18692,99685,
18696,
18705,92099,95953,110475,92005,103064,
18736,60196,111161,
18744,28346,31381,45223,47136,51744,51758,53559,54988,55200,56552,56687,58390,61814,62259,63350,63595,64055,65206,65462,65761,66126,66740,67277,67328,67341,67800,67975,67983,68168,68230,68282,68370,68503,68615,69332,69375,69792,69841,69890,69966,69994,70022,70078,70169,70510,71424,72284,73019,73600,73747,74080,74130,74285,74593,74806,75005,75161,76023,76853,77189,77247,77394,77474,77530,77745,77942,79271,79482,79869,79871,80040,80516,80948,81738,81747,82176,82252,82377,82418,82517,82748,82776,82813,82951,82966,83506,83755,83767,84111,85318,86119,86320,86589,87423,87998,89665,89907,91024,91671,93995,96118,96119,98157,99523,100740,102035,105236,107387,109707,110329,110667,
18758,68646,71562,86250,110413,112641,71562,
18759,
18761,92005,
18776,86250,105323,50083,
18785,73486,82971,88763,93773,97576,
18788,
18796,
18800,
18817,50083,50083,
18831,
18847,95765,
18850,50083,107207,
18878,75314,
18881,60196,73486,102926,109830,110413,111161,60196,73486,
18884,75686,
18892,89218,
18901,
18916,
18963,102603,
18984,68646,111161,34583,50083,54215,
18987,
19009,108052,93058,108052,
19010,71562,
19012,70460,103873,70460,
19023,83907,83907,
19033,99685,110413,
19066,88847,99077,109830,88847,
19084,111161,99685,113247,
19101,92086,109686,
19103,56172,
19127,47478,
19168,
19172,97937,107207,
19182,109830,
19185,86250,95016,103064,107290,112573,
19194,77405,
19200,38650,112471,
19240,68646,71562,33467,38650,50083,53125,53604,54215,68646,71315,71562,73486,78788,81398,86879,90605,92005,99685,103064,105695,108052,110357,110912,111161,112573,
19243,111161,
19250,62622,52357,53291,62622,
19252,95953,110912,99785,
19259,78748,
19260,57012,57012,
19261,47396,
19262,88763,
19271,60138,
19300,68646,113277,
19351,
19372,80684,88763,
19429,
19439,47396,
19446,
19467,
19475,
19478,83944,83944,
19493,
19520,53125,
19535,56801,
19581,
19588,
19611,
19621,
19653,38650,79477,84021,87755,93560,109830,
19657,
19659,
19668,68646,113277,
19675,79522,86637,79522,
19682,59578,60196,
19695,76759,80684,86190,93437,112642,76759,
19751,34583,34583,50083,52357,81398,83987,99685,108052,109830,
19762,
19778,111161,
19811,109830,
19814,
19829,88763,
19844,102926,111161,109830,111161,112573,
19862,78966,91474,
19870,69847,13442,17136,48424,60214,60330,62782,63350,64132,65525,68339,69847,77402,77651,80339,83929,88794,91042,91680,92086,93437,94012,97815,97958,99763,
19876,60196,111161,
19885,
19892,78748,90605,
19909,57115,
19919,83866,109040,113118,
19927,108052,108052,
19928,
19931,91203,109830,
19943,76759,80684,86190,93437,112642,76759,
19949,
19950,
19967,71230,72431,89280,89530,100665,104257,111257,17925,
19988,
20040,
20047,
20050,
20062,108052,50083,60196,66921,73486,109830,110912,
20081,85794,
20084,73486,109686,109830,
20086,31971,52893,
20094,88847,
20098,68646,71562,88763,103874,111161,68646,71562,110912,
20106,73486,75686,78788,99685,107207,109830,112573,50083,60196,102926,108052,110413,110912,
20145,
20151,70608,
20166,62622,104409,112471,
20169,
20185,79945,84726,88170,92007,98382,102975,
20195,
20208,
20215,
20221,109830,
20227,88944,88944,
20254,50083,
20277,
20281,75148,79817,84602,87538,89927,109040,112281,
20294,68646,71562,99674,68646,71562,99674,
20299,
20313,22100,31381,31971,36244,36775,40746,42192,43338,44079,46268,46911,47396,48021,49406,50825,51036,52311,52561,53291,53604,56218,59825,60196,61722,64040,65207,65531,66214,66999,67116,68473,68646,69995,70511,70735,71315,71562,71746,74285,74860,77362,77416,77742,78346,78788,81398,82085,82694,83511,84787,85794,87843,87884,90605,94226,95016,96895,96969,102138,102926,104348,105695,113277,
20344,99685,109830,112641,109830,
20345,76759,80684,86190,93437,112642,76759,
20346,21884,26138,72431,
20355,80339,
20356,75314,
20389,105323,105323,
20400,46303,83642,
20424,56172,
20428,75314,
20430,78788,
20433,
20446,
20464,79116,82340,
20469,
20473,
20493,70047,
20507,52618,103874,
20515,78748,90605,
20517,32455,
20531,53198,
20533,56111,74486,
20536,78748,
20543,
20545,99685,
20546,87800,88763,96874,111257,
20561,88847,
20579,
20586,92099,95953,110475,
20649,73486,109830,24216,
20680,88847,91042,97757,101414,110357,
20684,111161,
20688,62622,62622,112471,
20689,
20700,72890,72890,86250,88247,
20713,
20747,
20752,73486,
20760,38650,68646,86879,108052,
20770,98384,
20775,
20779,97937,
20792,27977,
20798,96463,
20817,
20818,
20824,
20849,
20851,88258,
20857,51201,
20860,
20866,27977,
20877,40522,69467,71562,73486,80678,87843,95765,108394,111495,
20896,23427,23563,51207,57345,73440,101410,
20901,
20902,97351,
20921,
20929,68646,71562,88847,102926,68646,71562,110912,
20937,
20955,36775,
20958,58576,80455,82694,82971,
20967,
20973,68646,113277,
21006,
21015,43014,
21022,109830,
21023,
21037,111161,99685,112641,
21047,
21072,62430,109830,
21074,76578,
21082,73486,81505,108052,
21109,
21119,86250,86250,
21126,
21143,81505,109506,
21149,
21150,
21168,61184,
21177,84726,93058,110413,
21182,62136,
21196,99487,
21224,34583,34583,50083,52357,81398,83987,99685,108052,109830,
21230,12364,15361,16847,17136,18455,23649,31885,32976,37008,38733,38823,40536,40725,41699,42804,42906,43014,43924,44741,45034,45152,45537,46912,47445,47478,48261,48424,49010,49869,50613,51036,51207,51792,52893,53604,54632,55032,55601,55630,56732,62229,62622,86637,100234,18455,50613,55601,57012,60827,69467,78788,
21238,78748,90605,
21240,73486,81505,108052,
21261,111161,
21264,111161,
21267,27977,
21274,48452,
21278,75148,89927,97757,
21286,58576,80455,82694,82971,28346,31381,45223,47136,51744,51758,53559,54988,55200,56552,56687,58390,61814,62259,63350,63595,64055,65206,65462,65761,66126,66740,67277,67328,67341,67800,67975,67983,68168,68230,68282,68370,68503,68615,69332,69375,69792,69841,69890,69966,69994,70022,70078,70169,70510,71424,72284,73019,73600,73747,74080,74130,74285,74593,74806,75005,75161,76023,76853,77189,77247,77394,77474,77530,77745,77942,79271,79482,79869,79871,80040,80516,80948,81738,81747,82176,82252,82377,82418,82517,82748,82776,82813,82951,82966,83506,83755,83767,84111,85318,86119,86320,86589,87423,87998,89665,89907,91024,91671,93995,96118,96119,98157,99523,100740,102035,105236,107387,109707,110329,110667,
21320,76759,80684,86190,93437,112642,76759,
21347,60196,111161,
21358,
21364,71562,111161,71562,
21370,
21384,
21402,111161,74896,
21411,
21421,40536,
21422,
21430,31381,68646,83987,110357,
21456,
21495,
21519,76759,80684,
21530,
21540,
21549,
21604,39628,64603,70047,72653,78790,81505,83131,95016,26778,38574,38650,59012,73195,91167,
21605,
21608,85794,107207,
21610,
21616,
21627,
21629,
21630,
21646,85995,
21673,15648,33467,105151,71315,
21674,
21685,
21692,
21703,49730,68646,49730,68646,71562,74958,110057,
21706,
21708,
21715,
21718,87843,
21722,417,93779,101414,106387,112883,
21728,47478,55630,56443,44741,47478,49869,56291,58888,80979,87544,
21730,
21739,
21740,57012,57012,
21744,112573,109830,
21747,
21754,70047,
21755,108358,108358,
21760,
21778,
21785,
21790,
21798,78788,
21801,38650,
21810,90605,93409,96446,110357,
21863,75314,
21871,87538,87538,
21883,80455,95631,95765,105695,40522,72890,75314,80678,105236,
21884,32455,50083,58150,60153,60196,66921,80455,88258,89791,91149,92106,93692,93773,96320,99817,100802,103639,105698,107290,107688,107977,109686,111301,113189,
21891,83907,83907,
21908,86190,99685,111161,
21939,
21952,75314,
21956,
21961,54215,102926,101640,
21974,
21988,
22028,
22037,76759,80684,86190,93437,112642,
22043,57012,72684,
22056,17925,
22064,
22066,50083,
22075,46183,
22089,55928,57076,58150,
22090,15864,32553,73486,74486,79470,102926,51201,
22222,
22229,93191,63442,
22234,
22241,75148,89927,97757,
22253,71562,111161,71562,
22256,78748,
22267,93191,
22286,68646,71562,110912,68646,71562,99685,
22299,
22312,71562,68646,71562,86250,
22324,111161,110413,
22368,99685,113247,
22376,71615,82933,71615,
22393,
22400,
22404,15864,32553,73486,74486,79470,102926,
22422,
22423,47478,55630,56443,42876,
22434,63350,77651,83907,90605,96257,97216,103064,105236,107688,107818,108037,108052,109040,110057,110364,110912,112641,
22455,
22457,
22464,
22468,68646,68646,113277,
22471,
22475,34583,
22499,97937,107207,
22502,
22519,95467,
22532,
22565,71615,103247,
22594,112471,
22607,38650,49778,60196,66999,86425,93058,104952,107207,113277,
22619,
22625,
22628,21749,32553,
22643,57012,57012,
22675,
22685,73486,
22729,83658,
22740,75314,
22742,95953,
22744,
22759,
22791,
22793,
22796,
22799,94964,
22811,71562,71562,
22848,83658,
22852,60196,
22856,
22859,
22862,32455,32455,
22869,
22882,
22884,79501,86192,103950,
22900,51201,53291,
22905,
22926,
22927,
22938,41959,112573,
22953,93748,
22969,
22981,64116,
22994,68646,84503,68646,108052,
23021,50083,
23034,75784,
23087,33467,
23100,
23142,
23164,70047,78748,82971,102926,110912,70047,
23193,14429,19109,21749,28212,30643,36154,37558,50585,50634,51542,55910,56066,58138,58450,58458,65944,69865,73858,77138,77711,100024,
23206,
23215,82971,87469,
23245,75314,86250,109830,111161,113189,
23250,
23293,
23310,95016,
23311,
23330,78748,
23390,
23394,71562,99685,71562,86250,
23395,97937,
23415,87332,
23423,40746,44079,47396,48750,53125,54215,56869,91059,91369,99423,
23426,60196,111161,
23444,
23465,87843,87884,91763,
23485,
23486,55928,64757,66995,71807,76752,82398,93428,93870,96874,100814,102138,103064,113189,
23504,49833,78346,
23510,50083,
23520,96754,
23533,
23555,111257,
23560,61852,
23563,68646,111161,68646,105323,108052,109830,
23574,99487,
23583,93177,94721,
23588,92644,107290,
23598,48545,
23614,93191,
23629,54215,73195,99785,54215,
23632,
23638,
23645,109686,110357,
23647,
23650,105236,
23675,94964,
23678,68646,111161,71562,
23686,31473,33836,36217,36515,37008,37865,38279,40613,42544,42634,42788,43132,47094,47811,50825,50839,57286,57598,58409,60232,60491,60748,65126,76245,76729,78721,82288,83111,85780,91658,95276,102820,
23707,86250,
23735,
23794,47396,
23798,100157,102926,
23801,
23804,90605,
23824,
23829,45152,48605,49314,
23839,52357,
23858,88763,
23865,
23869,
23884,
23892,79871,
23895,66921,
23896,94226,47478,63385,91474,92106,102926,110413,
23897,
23913,95016,111161,
23915,40522,66921,
23942,99348,
23945,81505,109506,
23952,74486,96256,
23962,38650,
23966,
23977,
23978,
23989,
24001,111161,
24002,43014,
24025,
24041,
24049,
24082,86190,
24085,68646,113277,
24104,55928,57076,58150,
24111,
24118,70460,103873,70460,
24143,
24164,
24167,
24174,
24183,42332,
24212,82971,87469,
24220,80684,80684,91042,93437,
24233,110413,
24234,
24248,
24259,79945,84726,88170,92007,98382,102975,
24277,105323,109830,111161,50083,
24284,68646,113277,
24295,80339,86393,89461,92948,94898,97958,80339,
24337,68646,113277,
24356,77651,
24362,15064,15768,16230,21749,24844,35160,35521,36506,37674,37981,38348,38823,38890,40866,45112,46511,47296,47469,48021,48452,50086,50782,50783,53114,53115,53779,54130,54248,54997,57058,57091,58430,58604,62136,62138,65234,67445,71129,76740,92593,99365,
24406,
24434,99785,99785,104431,
24440,48280,
24465,
24477,31742,74896,75686,79417,99685,102926,
24481,50083,60196,66921,73486,109830,110912,50083,
24488,13442,17136,24216,24481,25746,29947,31381,32145,33467,36342,36775,37865,41509,42276,43278,45152,46807,48445,49055,50212,51383,52225,52618,53793,54331,55018,55205,56262,56592,57334,59113,60176,61418,62794,63385,63522,65088,67116,67185,69303,71115,71598,73341,73440,73540,74860,78788,78875,78902,79596,80310,81398,82269,82432,82736,82783,82912,83866,83987,84516,85370,85461,86197,86425,86879,87892,88275,88846,90203,90756,91167,93779,94347,95497,97165,101889,103243,104036,104454,108101,110428,
24490,
24500,
24509,78748,
24511,68646,81505,95016,110912,111161,
24516,
24545,73486,75686,78788,99685,107207,109830,112573,33467,38650,50083,53125,53604,54215,68646,71315,71562,73486,78788,81398,86879,90605,92005,99685,103064,105695,108052,110357,110912,111161,112573,
24560,88258,
24572,68646,111161,
24605,57012,54215,
24613,
24629,78788,
24668,38650,79477,84021,87755,93560,109830,
24672,68646,71562,
24713,
24726,28950,45810,53125,56217,71141,17925,18455,31885,35446,40536,44837,45034,51792,55601,56732,62136,100234,
24739,79522,
24750,93779,
24760,68646,77416,102926,
24766,58453,59183,
24779,88944,
24787,107120,109484,
24809,46807,55895,96787,99371,101507,113305,
24818,80684,80684,91042,93437,
24831,
24870,
24897,87332,94721,106364,
24899,93748,
24914,95016,
24940,56443,
24947,51201,51201,
24956,71853,
24961,
24967,
24987,
24991,56592,88847,98258,108551,
25007,93773,
25024,68646,113277,
25054,70047,54215,61722,81534,90768,91419,92005,101272,103776,106308,106881,107688,110167,111161,112697,
25058,50083,99674,99685,107207,109830,111161,99674,110357,
25071,
25085,56058,
25101,75148,89927,97757,75148,79817,84602,87538,89927,109040,112281,
25102,
25106,
25122,
25147,102057,
25225,99348,
25236,9968,19130,20629,27652,46438,48473,48956,52572,53114,55233,56663,57058,57091,57277,57427,58604,58946,60390,62229,68278,69467,69995,71249,75276,79095,79641,84335,91214,93191,98532,101640,101765,103767,
25247,91225,
25250,18455,97165,
25251,82971,87928,91777,91875,92214,92513,94898,96054,97576,98453,99785,71402,
25265,80339,
25277,93010,107614,113277,
25288,
25325,68646,113277,
25357,31381,48424,
25358,68646,71562,68646,71562,108052,
25359,68646,113277,
25361,88763,
25373,46250,58385,54698,107614,109830,111070,112757,
25399,
25404,66921,71562,75148,81505,83866,94226,95016,103064,110322,110912,112641,
25424,38279,60748,65126,
25426,55928,58150,62512,66995,71807,87781,88763,96874,101414,104107,111438,111503,
25443,
25448,
25465,51201,78788,111495,40522,72890,75314,80678,105236,
25472,74896,74896,
25486,78935,
25497,
25514,60196,73486,110413,60196,
25521,93191,
25549,40522,46438,50976,52357,64116,78788,87884,100935,21749,43014,64276,
25550,42192,79522,
25573,71230,88763,71230,98282,
25590,75686,
25599,93191,63442,
25606,50212,59578,106912,
25608,73486,57012,
25636,
25656,75860,103064,
25658,
25684,
25685,78748,
25694,
25735,86190,109830,
25779,103064,
25817,93773,
25834,68646,113277,
25845,
25856,51201,
25878,84726,88170,102975,
25896,61852,
25906,60196,111161,
25917,83944,83944,
25937,59646,
25948,101410,
25950,68646,111161,68646,99685,
25964,
25982,60196,111161,
25999,
26000,100994,106611,
26006,109830,
26028,
26049,70047,86250,102926,105323,109707,110413,110475,113277,75314,86250,
26051,105236,110912,
26061,97937,107207,
26062,53472,
26075,
26133,76759,80684,86190,93437,112642,76759,
26189,
26209,88763,
26218,40536,46511,
26221,
26224,73486,77416,102926,105323,107818,112401,
26239,
26252,111161,
26253,
26263,36775,40522,95765,
26282,99077,
26286,68646,113277,
26287,
26322,95705,
26325,
26330,75314,
26352,113277,
26374,50083,54215,
26414,
26452,78346,78346,
26461,75314,
26463,
26472,
26491,68646,113277,
26512,68646,113277,
26520,
26540,
26552,
26566,
26592,
26596,
26599,
26608,
26621,88847,88847,
26630,68646,113277,
26632,99785,99785,104431,
26643,68646,71562,86250,71562,
26666,
26675,45152,45152,88782,112651,
26712,61512,
26744,
26769,68646,113277,
26786,85794,107207,
26808,86567,88763,
26843,78902,
26865,
26872,32910,33563,46183,48280,53285,55254,57546,61852,65421,68646,70047,71562,73486,75148,76618,77631,78087,80684,81505,82406,86190,86250,87538,88247,88814,90633,91149,91326,93409,93870,95016,95489,95776,96787,96874,96895,97647,97733,97757,99088,99785,100477,101329,101414,103064,103639,104431,104714,106965,107131,107362,108333,109040,109686,110357,110657,112453,113114,113189,113497,31381,68646,83987,110357,
26893,71315,34583,40746,47296,47396,61512,75314,110322,111161,
26902,52618,60196,68646,88763,108052,109830,110912,111161,70047,76759,80684,82971,86190,99685,109506,110912,111161,
26903,
26927,
26936,
26963,
26974,
26977,75314,
26986,
26996,57012,57012,
27002,
27004,79501,86192,103950,
27010,75686,87538,97216,97428,99871,110912,
27039,60196,111161,
27045,
27073,15174,15175,
27083,12349,
27094,42876,52357,78748,33467,38650,50083,53125,53604,54215,68646,71315,71562,73486,78788,81398,86879,90605,92005,99685,103064,105695,108052,110357,110912,111161,112573,
27112,49470,
27114,
27116,47478,55630,56443,
27122,92879,
27125,83658,83658,
27137,51207,
27156,95953,
27160,112573,41959,
27184,92890,
27200,90264,
27222,77631,111161,
27246,
27267,50083,70511,72890,102926,
27269,68646,113277,
27293,99685,
27296,99653,
27298,84726,71615,
27307,
27314,73195,105236,105323,
27316,77651,94862,
27338,45152,50083,
27339,62622,78748,80684,82971,83658,83866,
27357,109830,
27392,51201,
27403,
27404,62512,
27409,57012,57012,
27412,46250,103767,109040,110912,112573,113101,
27444,79522,
27453,
27487,78748,90605,
27496,62622,104409,112471,
27499,
27524,60196,73486,50083,60196,66921,73486,109830,110912,
27526,
27534,95953,87332,
27551,
27590,87538,87538,
27603,108052,40522,95765,
27619,111161,
27646,
27648,87332,
27662,
27674,50212,
27677,99653,
27714,
27719,49902,
27743,68646,113277,
27751,68646,113277,
27778,
27806,39628,64603,70047,72653,78790,81505,83131,95016,
27811,
27816,82971,93870,
27817,58390,69841,71222,71396,73600,77474,79514,79758,80130,82776,84899,73747,79869,82951,
27824,
27839,
27853,68646,113277,
27881,73486,75314,95953,97441,105695,108052,108550,110322,110413,75314,86250,
27883,84726,
27888,54215,71562,71562,
27891,
27909,54215,57012,60908,65988,78841,95250,110413,112817,57012,72684,
27926,70047,
27948,111161,
27953,78748,
27957,
27961,33870,50083,54698,93389,102138,
27983,
28017,99785,104431,
28037,
28050,76759,80684,99685,
28063,
28130,72890,99685,
28138,73486,75686,78788,99685,107207,109830,112573,97165,
28142,
28146,102926,
28147,
28159,111161,
28160,91042,91042,
28166,
28182,34583,51201,
28258,73195,105236,105323,
28259,50083,50083,
28266,17136,17136,
28272,83511,99044,
28312,68646,113277,
28319,54215,57012,60908,65988,78841,95250,110413,112817,
28331,88944,88944,
28333,
28335,25929,27752,46438,52572,55508,55724,95765,97409,101279,105236,108550,112851,
28337,
28370,36775,
28373,48452,
28387,68646,113277,
28395,
28412,53779,65571,
28437,
28448,70350,88000,
28450,66206,73486,
28463,83658,83658,
28483,45810,46911,60827,60959,62900,66227,66265,70047,73076,75612,76245,77711,78784,81099,86425,88015,94715,100395,101921,103074,105107,108175,110005,110598,
28488,71562,
28499,104070,
28541,88847,
28553,60196,111161,
28600,73486,
28612,57012,57012,
28621,103064,103064,
28626,95327,
28657,66999,
28669,62229,25929,27752,46438,52572,55508,55724,95765,97409,101279,105236,108550,112851,
28673,76759,80684,86190,93437,112642,76759,80684,
28684,23427,23563,51207,57345,73440,101410,
28686,
28688,32599,37884,42876,44706,79579,92593,
28698,51036,53125,69762,87884,
28699,86250,
28700,86567,
28702,
28705,44706,68646,71562,80684,108052,
28709,
28746,95705,
28761,83658,83658,
28786,
28791,22100,31381,31971,36244,36775,40746,42192,43338,44079,46268,46911,47396,48021,49406,50825,51036,52311,52561,53291,53604,56218,59825,60196,61722,64040,65207,65531,66214,66999,67116,68473,68646,69995,70511,70735,71315,71562,71746,74285,74860,77362,77416,77742,78346,78788,81398,82085,82694,83511,84787,85794,87843,87884,90605,94226,95016,96895,96969,102138,102926,104348,105695,113277,66344,
28831,71230,98282,
28839,
28871,
28901,
28902,
28904,17136,50976,64116,75784,87843,17136,
28909,107688,
28914,33467,38650,50083,53125,53604,54215,68646,71315,71562,73486,78788,81398,86879,90605,92005,99685,103064,105695,108052,110357,110912,111161,112573,
28920,94291,
28925,
28926,107688,
28938,
28952,83944,
28968,42876,52357,78748,
28985,26778,38574,38650,59012,73195,91167,
29015,
29029,50083,
29033,108399,
29035,75148,79817,84602,87538,89927,109040,112281,
29043,
29046,
29047,57012,57012,
29058,86250,
29064,50083,
29079,104797,111161,50083,
29086,60196,77651,93773,103064,
29096,71230,
29098,
29108,
29143,
29148,56172,
29158,42876,79579,13442,15324,15864,20629,32138,36613,36868,40746,44079,44741,46268,46359,46912,49406,49833,50212,50986,51201,52561,53198,54331,54997,55630,56193,56218,58461,58777,60827,61184,61512,61722,62229,64115,65214,69281,70511,72684,72890,74812,79116,79944,83658,83987,87884,89881,92067,93779,95953,96446,97937,107048,107207,109445,111495,112471,113247,113277,
29163,73486,
29189,
29204,112817,
29209,
29210,
29224,
29246,
29263,74256,
29291,
29313,88763,
29317,
29319,63350,
29321,87843,
29349,73195,83866,
29425,86250,
29432,86250,86250,
29433,57012,57012,
29440,81505,
29463,
29507,88847,
29509,85936,
29512,64471,101605,106673,
29516,44741,47478,49869,56291,58888,80979,87544,42876,44741,47478,51201,55630,56443,57565,58888,71853,80678,86879,88847,89881,93822,97165,104797,110912,112573,112641,
29524,
29560,40897,
29574,46183,
29582,
29595,
29629,88247,90142,95088,105212,107917,
29639,
29674,
29707,
29723,
29760,79945,84726,88170,92007,98382,102975,
29781,
29782,76723,
29807,
29823,
29841,54215,73195,99785,
29845,
29884,68646,113277,
29889,71562,71562,
29894,68646,113277,
29896,75314,
29898,
29906,80684,88763,80684,
29921,93191,63442,
29931,50976,50976,88846,
29971,43014,43014,
29976,74156,76759,80749,82198,85542,85780,86346,86960,87078,88028,88247,88847,88944,89893,91828,92644,92854,93560,93773,93870,93894,95925,95963,96256,96320,99938,100802,101988,103064,107286,107362,109068,110216,111503,113277,
30002,
30004,70047,
30008,96874,
30013,
30020,
30022,53291,53291,
30035,81505,
30039,73486,
30042,88930,83866,
30052,
30094,
30102,56552,
30116,
30121,47396,56592,88763,96874,99423,
30139,71562,111161,71562,
30148,73195,73195,
30188,76759,
30193,
30220,
30230,81505,109506,
30239,68646,71562,44706,68646,71562,80684,108052,
30254,61852,
30301,
30311,83987,83987,
30329,39628,
30337,82971,93870,107120,
30357,36868,42192,70735,74958,80678,97937,
30388,29546,39220,50100,54167,61809,
30411,68646,113277,
30416,
30432,69293,107822,
30445,
30449,
30455,
30463,
30471,
30476,
30480,
30482,76759,80684,99685,80684,88763,
30494,68646,113277,
30514,
30521,
30545,52618,103874,
30558,75148,89927,97757,
30572,19760,
30591,68646,113277,
30594,43014,
30600,87332,88763,99088,109830,110357,
30648,13442,15324,15864,20629,32138,36613,36868,40746,44079,44741,46268,46359,46912,49406,49833,50212,50986,51201,52561,53198,54331,54997,55630,56193,56218,58461,58777,60827,61184,61512,61722,62229,64115,65214,69281,70511,72684,72890,74812,79116,79944,83658,83987,87884,89881,92067,93779,95953,96446,97937,107048,107207,109445,111495,112471,113247,113277,
30667,81505,109506,83658,
30690,73486,
30691,71562,86250,71562,86250,
30713,
30726,73486,
30742,
30760,45061,
30762,64116,64116,
30777,
30807,68646,68646,71562,88763,103874,111161,
30812,83907,83907,
30840,
30872,80684,88763,
30896,
30905,
30907,77294,
30925,52357,54215,
30928,111161,
30943,
30946,
30961,111161,
30964,50976,88846,
30968,76759,80684,86190,93437,112642,76759,80684,
30998,
31023,84726,88170,102975,
31027,
31063,
31068,75314,108052,111161,
31094,112471,62622,
31096,
31157,93773,96874,
31160,102057,
31180,46807,55895,96787,99371,101507,113305,
31246,
31267,75686,
31275,
31279,22100,31381,31971,36244,36775,40746,42192,43338,44079,46268,46911,47396,48021,49406,50825,51036,52311,52561,53291,53604,56218,59825,60196,61722,64040,65207,65531,66214,66999,67116,68473,68646,69995,70511,70735,71315,71562,71746,74285,74860,77362,77416,77742,78346,78788,81398,82085,82694,83511,84787,85794,87843,87884,90605,94226,95016,96895,96969,102138,102926,104348,105695,113277,
31291,86637,
31297,
31304,
31305,77651,
31307,21884,26138,72431,
31310,
31311,
31327,46359,
31332,
31358,83907,71853,
31378,
31387,
31390,
31396,
31408,
31411,111161,
31455,54215,
31460,
31465,
31480,
31490,73486,
31496,
31511,61852,
31520,60474,
31532,
31534,78748,
31538,97165,97165,
31555,
31582,
31598,53779,56801,17136,
31613,40522,72890,75314,80678,105236,33467,34583,71315,76759,78788,80684,81505,82971,83658,102926,108052,110912,111161,
31614,81534,30341,36112,65889,69762,
31617,62622,104409,112471,
31620,103064,110912,
31625,
31636,70735,
31644,
31648,103905,
31653,
31674,
31694,73195,73195,95631,110632,
31710,53198,73629,104070,109707,
31712,
31730,
31741,
31745,87332,
31758,
31762,
31788,68646,113277,
31807,110057,
31811,
31832,98524,110912,
31849,75686,
31853,
31878,88258,
31917,64115,
31925,
31932,87332,
31934,
31942,21884,26138,72431,
31956,
31959,53198,111161,
31977,86197,95765,
31979,105236,54215,
31983,56172,95953,109830,
31991,45152,97165,
32010,75148,79817,84602,87538,89927,109040,112281,76759,80684,111161,
32026,14341,15324,15532,19760,64757,76752,90605,
32032,83658,83658,
32055,28346,31381,45223,47136,51744,51758,53559,54988,55200,56552,56687,58390,61814,62259,63350,63595,64055,65206,65462,65761,66126,66740,67277,67328,67341,67800,67975,67983,68168,68230,68282,68370,68503,68615,69332,69375,69792,69841,69890,69966,69994,70022,70078,70169,70510,71424,72284,73019,73600,73747,74080,74130,74285,74593,74806,75005,75161,76023,76853,77189,77247,77394,77474,77530,77745,77942,79271,79482,79869,79871,80040,80516,80948,81738,81747,82176,82252,82377,82418,82517,82748,82776,82813,82951,82966,83506,83755,83767,84111,85318,86119,86320,86589,87423,87998,89665,89907,91024,91671,93995,96118,96119,98157,99523,100740,102035,105236,107387,109707,110329,110667,
32065,76759,80684,86190,93437,112642,76759,
32075,
32112,76759,80684,
32148,
32152,80339,86393,89461,92948,94898,97958,
32164,99685,99685,
32169,
32172,57012,57012,
32180,59578,60196,
32183,
32189,
32192,31971,52893,9968,19130,20629,27652,46438,48473,48956,52572,53114,55233,56663,57058,57091,57277,57427,58604,58946,60390,62229,68278,69467,69995,71249,75276,79095,79641,84335,91214,93191,98532,101640,101765,103767,
32207,74896,68646,73486,109686,
32232,
32233,
32259,40522,53946,56111,56663,57012,69704,84934,86216,93058,86250,
32269,
32294,
32313,50083,56592,88847,50083,
32317,54215,73195,99785,54215,
32334,53604,
32335,
32350,
32378,50083,60196,102926,108052,110413,110912,50083,60196,
32423,34583,
32429,64115,74119,78748,81398,86250,87332,93058,110912,
32433,47296,50976,60827,72684,73486,78788,81398,81505,83987,86879,87843,95953,97937,105236,105323,106519,107207,109830,112573,113247,
32442,90605,
32489,
32495,52357,
32499,87332,
32523,98384,
32532,66921,87332,105793,108525,87332,
32539,102926,
32543,
32550,54215,73195,99785,61852,
32557,40522,72890,75314,80678,105236,50083,54215,60196,70735,73486,86250,109830,110413,110912,111161,113277,
32560,
32563,
32570,12364,15361,16847,17136,18455,23649,31885,32976,37008,38733,38823,40536,40725,41699,42804,42906,43014,43924,44741,45034,45152,45537,46912,47445,47478,48261,48424,49010,49869,50613,51036,51207,51792,52893,53604,54632,55032,55601,55630,56732,62229,62622,86637,100234,41959,48980,59719,
32578,
32591,
32597,40522,46438,50976,52357,64116,78788,87884,100935,17925,18455,31885,35446,40536,44837,45034,51792,55601,56732,62136,100234,
32598,
32609,82199,
32624,51093,53291,56736,57012,57345,57869,75612,87884,
32646,88847,
32648,50083,
32653,80745,80745,
32664,22125,22150,23563,95765,100681,
32676,96463,
32677,71562,
32703,
32715,88323,
32727,
32728,
32741,78748,
32751,
32771,92644,107290,
32797,
32804,
32807,76759,80684,86190,93437,112642,76759,
32817,
32836,53291,53291,
32853,
32866,76759,80684,99685,76759,80684,
32880,
32905,79945,84726,88170,92007,98382,102975,
32912,
32923,59742,59742,111161,
32930,
32959,54215,70047,
32967,73486,
32980,
32991,
32993,68646,71562,86250,71562,
33001,81505,
33014,33467,33467,103064,
33015,73486,75314,95953,97441,105695,108052,108550,110322,110413,
33020,
33060,54698,107614,109830,111070,112757,66763,83987,88099,
33095,44081,51459,86879,68646,
33112,113497,
33117,53125,
33125,47396,
33160,
33212,80684,
33226,86250,
33254,
33256,44741,78788,
33303,
33304,75314,
33315,99685,
33326,54331,70917,78480,99785,105695,47478,
33362,
33390,54215,
33398,
33402,56592,97576,109830,
33410,105698,
33421,110357,76759,80684,111161,
33432,
33435,
33438,
33452,
33455,
33456,103064,110413,
33457,27977,
33473,45891,87985,45891,
33544,49730,68646,
33566,108358,108358,
33571,
33606,64116,109830,
33615,68646,113277,
33618,
33625,111161,
33627,
33640,
33653,40522,72890,75314,80678,105236,33467,38650,50083,53125,53604,54215,68646,71315,71562,73486,78788,81398,86879,90605,92005,99685,103064,105695,108052,110357,110912,111161,112573,
33654,
33660,
33661,54215,73195,99785,54215,
33665,109830,
33670,111161,
33680,
33689,
33700,
33711,
33726,68646,113277,
33733,50083,
33752,68646,
33769,57115,
33775,88128,88939,89218,100140,
33792,42192,
33794,
33813,107614,
33847,68646,113277,
33849,97239,
33862,
33866,74896,74896,
33874,89927,
33878,88247,
33923,112573,38650,46912,47396,48728,52357,61512,64115,64116,65214,66921,70735,79116,81398,81505,87843,92005,97937,99348,102926,105323,107207,110322,110912,112573,
33924,99939,
33938,
33945,83907,83907,
33969,47396,
33989,60196,111161,
33991,
34004,54215,
34021,45061,45061,
34041,50083,50083,71315,78788,100150,
34044,54215,40746,44079,47396,48750,53125,54215,56869,91059,91369,99423,
34060,68646,71562,111161,
34082,97165,97165,
34086,
34089,
34095,
34107,76759,80684,86190,93437,112642,76759,
34113,
34118,18037,96283,
34146,56592,
34164,96754,
34200,
34206,19760,95765,
34212,
34225,50083,60196,66921,86250,99685,105236,108052,109686,112641,113277,50083,99685,112573,
34242,33467,33467,103064,
34248,27977,
34258,111161,
34268,70511,70735,
34277,68646,113277,
34280,57115,65207,67116,76759,80684,95016,
34282,68646,113277,
34283,77914,
34303,70034,
34311,
34323,60827,
34341,73486,95765,99685,105323,
34375,56172,107207,
34385,
34388,109117,109117,
34397,60196,111161,
34400,
34404,75314,
34413,
34422,71315,417,73195,
34429,68646,102926,112573,112641,71562,
34449,68646,68646,71562,
34460,111161,
34477,
34498,96874,
34503,
34509,
34519,52357,54215,
34523,106308,
34532,
34546,
34559,56172,59113,75686,
34565,
34571,75314,
34592,12364,
34593,93191,63442,
34598,102057,
34608,87332,87332,
34609,73000,
34636,34583,34583,50083,52357,81398,83987,99685,108052,109830,
34650,9968,19130,20629,27652,46438,48473,48956,52572,53114,55233,56663,57058,57091,57277,57427,58604,58946,60390,62229,68278,69467,69995,71249,75276,79095,79641,84335,91214,93191,98532,101640,101765,103767,
34659,57012,72684,
34663,61722,61722,
34684,56172,112471,97937,107207,
34731,109830,95953,
34744,73486,
34763,83907,83907,
34778,53472,
34783,
34793,
34796,34583,
34822,71315,9968,19130,20629,27652,46438,48473,48956,52572,53114,55233,56663,57058,57091,57277,57427,58604,58946,60390,62229,68278,69467,69995,71249,75276,79095,79641,84335,91214,93191,98532,101640,101765,103767,
34824,99674,101414,
34836,
34849,32138,61811,63350,66921,68646,70034,70047,75148,76759,77651,80684,81505,82971,85334,86190,87332,87469,88247,90728,92005,92991,94226,95016,96438,96895,97576,97757,99685,100157,102926,103064,103776,104691,105695,107290,108551,109506,109830,110357,110912,112442,112641,113118,113277,110912,
34854,87843,113247,
34880,
34892,56592,
34937,
34954,66921,99685,105323,109830,110413,
34992,53604,
34994,17136,
35031,
35032,42876,42876,
35045,47396,110912,
35067,50083,104257,108052,113247,
35080,70608,
35082,
35087,95765,
35091,49730,68646,71562,74958,110057,60196,62622,81505,
35099,53291,53291,
35106,29583,
35121,68646,71562,68646,71562,108052,
35131,
35149,96438,99871,111257,
35152,
35161,
35162,88847,
35164,90605,
35176,80684,
35197,73195,81505,
35202,55254,
35206,
35208,68646,113277,
35215,68646,71562,
35219,
35235,65234,
35237,54215,
35272,112471,
35276,93870,110413,
35287,94226,106489,
35312,
35323,32904,
35357,112471,
35367,
35380,
35386,47203,47296,50212,54047,57115,58946,59037,60934,62765,64866,67731,68638,68646,70511,76759,78788,80684,82971,83658,84855,86190,86960,87469,90329,92644,97576,98524,103074,103772,104348,105236,106977,113277,31679,32138,37800,52942,
35409,97123,
35435,68646,113277,
35438,75314,108052,111161,
35449,108052,50083,73486,
35468,
35469,23251,23613,24601,73195,75314,79116,82971,88763,102926,103064,
35474,54215,73195,99785,54215,
35477,
35500,73486,
35503,
35504,54215,
35510,75686,
35517,
35520,47478,
35522,87843,
35550,78748,90605,
35556,85794,
35568,92067,105323,
35574,32455,50083,58150,60153,60196,66921,80455,88258,89791,91149,92106,93692,93773,96320,99817,100802,103639,105698,107290,107688,107977,109686,111301,113189,
35591,
35677,46359,
35696,21884,31381,32138,32976,38574,38650,44081,45917,46303,47396,48473,49366,50188,57129,61655,62803,63442,66740,66999,67128,67992,68473,70034,70047,71562,72271,73195,75005,76759,77416,77631,77651,78346,78748,80684,81573,83907,83944,84787,86190,87800,88247,88763,89880,89907,90605,90655,91042,91059,91223,92005,92099,92965,93177,93870,94862,95016,95956,97527,99685,106582,109445,111161,
35710,73486,73486,
35720,95765,
35734,34583,50083,
35750,45152,45152,88782,112651,
35765,77416,
35772,
35792,68646,68646,71562,99674,
35794,112471,
35797,68646,113277,
35799,73486,75686,78788,99685,107207,109830,112573,
35800,
35842,95953,
35847,
35853,68646,113277,
35877,46807,55895,96787,99371,101507,113305,
35880,
35885,
35892,
35926,42876,97441,97937,107207,111161,
35932,
35935,
35963,
35975,87843,87884,91763,
36000,
36002,
36012,
36016,45891,87985,
36058,33467,38650,50083,53125,53604,54215,68646,71315,71562,73486,78788,81398,86879,90605,92005,99685,103064,105695,108052,110357,110912,111161,112573,34583,50083,60196,81398,86879,88939,95327,107207,
36064,
36074,97441,97937,107207,111161,75314,
36087,
36091,73486,74285,80661,92005,97937,99871,
36097,86250,112641,99685,110413,
36106,50083,71315,73486,81505,102926,104348,107207,
36125,
36139,71615,
