20,9640,14925,408,34039,28600,
30,22376,12191,12042,613,2224,
33,1810,3799,4445,7205,10314,
36,5655,34449,16806,11414,16422,
40,1057,2026,2113,3490,4561,
46,2628,4741,4872,8005,9293,
53,7242,10395,14391,19755,20980,
76,28657,2109,27039,21708,25982,
93,13183,
124,261,437,543,1139,1197,
133,19695,21320,31968,4847,10996,
146,2319,3411,5279,6665,9604,
177,35462,28600,15225,3344,3465,
191,1,29,152,221,468,
198,7763,35276,9052,23311,29976,
211,334,1951,4670,25865,32658,
221,1,29,152,191,468,
280,4537,7509,14469,17413,17643,
290,14326,31460,9254,11066,8512,
295,976,2567,8899,15946,21665,
302,1068,7219,13110,14389,22593,
308,12943,1617,14329,33095,17946,
314,302,429,1179,1947,4016,
316,5539,2981,30445,31598,14238,
331,5140,13969,16132,18318,26904,
336,32207,35765,13937,11382,2439,
341,12807,13088,20546,26902,30239,
344,1182,8194,16157,1183,1759,
373,1264,6069,7926,7927,9692,
406,28600,5370,13458,22882,25957,
408,1934,4209,5254,5783,6141,
415,34303,2842,1443,3035,3758,
427,1299,1373,2142,3407,4605,
430,73,190,1105,5460,7002,
437,261,1139,1197,2254,2616,
468,1,29,152,549,1046,
472,26117,5609,10484,22041,31977,
474,28553,14254,1057,5869,6820,
511,31331,9982,17486,32759,25265,
542,317,3866,4930,7090,7990,
549,1,29,152,1153,1222,
555,3420,30946,81,1169,1743,
577,11776,14413,15133,19233,31317,
579,10984,25404,32032,
609,284,458,466,504,574,
628,133,3807,3865,4847,6944,
664,8358,9401,11897,21928,28858,
695,2026,2113,2508,3490,3925,
711,211,1832,1951,2483,2733,
713,22744,3866,4930,7090,7990,
721,146,261,543,1275,2319,
727,6674,8602,11645,15127,15672,
740,3788,4622,6142,35927,26286,
766,124,261,437,543,1139,
775,1,29,152,191,221,
807,12821,28297,14782,33711,21456,
808,6455,18210,20037,21042,1511,
827,2313,7399,8890,10197,10961,
834,24707,35677,11891,14085,
853,5083,11766,19638,22990,33979,
855,25964,4529,21739,22037,22905,
866,408,1934,4209,5254,5783,
885,695,2026,2113,2508,3490,
951,1954,14559,33905,9055,26540,
957,1646,10337,25911,31961,308,
963,2136,2493,6455,18210,20037,
990,8816,20517,9976,24914,25549,
1010,31697,21342,4497,15017,7505,
1011,15890,6070,1899,22499,10839,
1026,25266,740,1617,20877,26893,
1028,26075,16226,27137,
1035,1699,1730,4897,6353,15958,
1043,1241,1372,2333,3881,5291,
1045,27094,
1046,1,29,152,549,1153,
1057,5869,6820,6821,9804,10858,
1089,9474,30518,27200,27839,21422,
1115,11543,14413,15133,19233,577,
1134,34980,25585,34212,23675,4714,
1136,3366,8938,9213,15835,22656,
1178,3523,16942,19814,20106,22229,
1179,11067,11734,23638,27114,13461,
1182,5462,5958,10734,26558,32656,
1210,30204,6624,17771,2113,2508,
1216,3065,3837,4339,4845,6577,
1234,17470,23521,24557,25941,26507,
1241,28698,30056,32920,27646,18304,
1246,14049,2235,11320,4714,33095,
1253,2124,3031,3433,3915,4393,
1266,30946,81,1555,2541,3348,
1275,73,190,430,1105,5460,
1278,8935,19678,21777,24193,29284,
1288,23239,5510,22953,32429,21274,
1289,5004,7207,11863,23087,664,
1292,3753,9210,9635,24984,27403,
1328,284,458,466,504,574,
1332,3440,25775,24118,33473,18692,
1336,26252,25225,5218,27534,3762,
1353,81,1169,1555,1743,1796,
1355,1832,4419,8035,8292,10841,
1363,846,4137,4226,7424,9059,
1365,19898,8145,1057,5869,6820,
1372,1241,2333,5309,7736,14519,
1401,214,5250,9711,11273,11478,
1411,3127,6915,7598,10162,10794,
1425,15723,21728,27116,13043,8644,
1430,12335,13250,14224,15685,17515,
1441,2092,8783,9898,23363,32295,
1443,6981,15363,1299,1373,2142,
1449,2508,5258,9878,7073,32759,
1456,1603,2121,7974,8358,8928,
1486,8623,30411,191,6265,13419,
1488,2731,4623,16556,4816,1353,
1490,81,1169,1353,1555,1743,
1492,5081,6228,9878,10451,19871,
1505,5106,20713,14085,18674,
1530,2799,11200,
1539,12059,19101,11446,8038,1624,
1540,3284,14305,32233,261,437,
1555,81,1169,1743,2487,2541,
1570,5785,32490,29898,27083,29046,
1610,2621,2493,3653,4663,7495,
1617,29224,4193,1947,711,1832,
1618,4231,10132,16114,19084,21363,
1621,34709,6376,8234,14218,19697,
1624,18116,1748,5004,6258,6882,
1634,437,1139,5005,5900,6773,
1646,3621,8200,9811,10157,10721,
1653,9390,27817,
1684,3647,555,2280,5882,12588,
1691,1879,5315,7117,12205,16963,
1738,2124,3031,3433,3915,6427,
1763,27560,26239,13014,612,705,
1790,18572,24512,6372,7069,26632,
1796,81,1169,1743,2487,2541,
1805,2106,33526,5437,13020,25720,
1817,376,1182,2000,3484,4752,
1871,28258,18762,5592,8613,14525,
1884,695,885,2026,2113,2508,
1888,2788,8469,3683,8164,33653,
1895,29224,1947,29098,7076,9055,
1899,1011,22499,10839,23647,24987,
1916,18605,7035,8946,2635,23977,
1947,29098,29224,5495,25426,4193,
1950,14689,5178,11363,21840,25274,
2020,52,603,2125,4430,5090,
2029,18129,173,1050,2271,2807,
2030,167,562,819,844,1378,
2032,6447,27817,13648,35469,
2106,8051,5820,21182,34880,35550,
2109,7051,12245,26806,21495,3620,
2120,124,261,437,543,1139,
2168,695,885,1884,2026,2113,
2176,7956,1182,1817,376,1183,
2205,9022,23807,25226,9307,16072,
2207,418,1871,5351,11100,11743,
2224,4145,4197,7764,9867,12487,
2235,33095,53,3296,5352,7242,
2283,14524,
2309,11414,5645,6230,12245,17343,
2319,8568,12540,19420,31901,3406,
2326,6455,13249,15312,15713,18210,
2333,23667,32172,30896,17937,1,
2337,8204,15087,17103,22784,5350,
2342,35494,23895,10960,4561,5101,
2345,1589,4292,6277,6987,7104,
2347,1115,11543,15060,19233,2776,
2376,12928,24605,33117,1210,23563,
2388,3570,5404,7039,12028,18212,
2397,13223,34311,16344,11856,12005,
2401,12612,21717,26456,8237,11362,
2421,1085,2217,17310,27355,29044,
2434,1234,6674,8602,11645,11686,
2439,24308,18881,33457,124,29317,
2458,9254,23164,7010,21754,14326,
2461,28968,4529,25964,20929,855,
2485,7956,2176,727,1234,1607,
2496,2807,8034,16766,18004,33616,
2532,35287,4728,5919,23423,12619,
2534,665,1846,1851,2173,4220,
2547,2775,2224,7764,13717,19437,
2574,17084,4108,4424,4494,6269,
2577,191,1486,3844,4529,6265,
2578,12191,22884,12042,19493,27004,
2603,15081,20294,30545,36074,31614,
2606,5522,12370,16504,21168,23269,
2609,7505,15946,22234,23100,24041,
2610,727,1234,1629,2434,6674,
2623,2148,7451,9514,11519,13432,
2624,27137,
2634,12042,32350,3349,11364,12191,
2635,167,819,1378,2346,2556,
2657,27983,10850,14426,29357,1183,
2677,11443,11455,17013,25906,31480,
2679,10812,34473,35955,8576,24248,
2680,885,23066,34477,18984,9862,
2684,28488,221,8623,10554,13829,
2690,711,1832,4419,8035,8162,
2704,7416,8062,14778,26178,31995,
2712,19735,9496,9939,34787,1770,
2716,13462,21722,22066,990,32923,
2731,1488,23510,6740,21718,34731,
2772,15831,5360,32598,22862,27551,
2774,12364,28130,27526,10692,6905,
2775,5801,21177,25433,27883,31023,
2779,10948,28020,3768,4188,6687,
2783,302,429,1947,6984,8032,
2788,1888,133,261,437,543,
2799,2567,27404,976,7489,30165,
2816,7424,73,190,430,1105,
2827,20536,15648,8512,25685,7686,
2839,15420,23462,25224,1313,2483,
2842,33923,9956,25102,9650,13394,
2867,17963,4529,25964,30239,31332,
2870,7728,8134,10006,11237,11421,
2890,17065,25726,21605,17592,17368,
2927,14411,18266,15199,32065,23390,
2940,2951,3755,4342,4597,9365,
3047,191,1486,3844,6265,8623,
3084,2776,3384,8546,15060,15834,
3088,26770,
3120,473,3174,3306,11480,16322,
3123,81,1169,1743,2487,2541,
3133,10893,11461,17571,21606,11019,
3177,20684,
3179,9939,19735,34787,9496,2712,
3187,577,26902,12133,34545,26213,
3192,20446,
3197,20760,7029,1,152,549,
3222,27269,32571,8357,775,18248,
3225,2807,8034,16766,18004,29204,
3247,33437,11047,31614,28370,32032,
3269,22368,1753,6175,14818,15685,
3284,1183,2828,3460,4470,5422,
3292,32010,7073,13376,22884,17590,
3296,16004,14515,10395,14391,19755,
3299,11707,21456,
3320,11753,6572,11314,13242,22445,
3337,10451,22807,26563,9878,23457,
3349,2120,4472,5224,17353,124,
3367,9294,4884,27160,34523,28138,
3372,19009,922,2026,2113,2508,
3394,1603,2121,8358,8928,9401,
3430,819,3103,7113,8271,8560,
3440,16194,22976,1332,25775,33711,
3461,35449,29781,2439,11419,24308,
3496,26388,32747,26209,31555,9163,
3524,35045,14365,30925,34519,173,
3527,13847,22923,30042,35131,5269,
3543,660,2026,2113,2739,3490,
3544,17246,81,1169,1743,2026,
3570,5404,12028,19054,20410,33184,
3580,6213,13188,29130,10453,25573,
3586,211,334,1951,4670,10153,
3614,7736,14519,15460,21221,21297,
3617,4948,12566,33507,8360,10549,
3620,12245,26806,17381,25616,10158,
3632,11910,22856,14529,31266,2026,
3640,11350,15286,19466,27770,6320,
3646,11070,6436,16248,10158,17381,
3647,30807,21718,26461,7183,15706,
3673,1441,2092,8783,9898,23363,
3683,124,261,437,543,1139,
3688,29499,5601,10357,31636,10113,
3694,14405,16947,18193,24895,33637,
3724,14369,20792,1759,2313,2513,
3725,6878,7851,2120,12786,29064,
3755,2951,4342,4597,9365,9773,
3758,4599,8568,12136,12540,15295,
3762,14247,4825,7468,19491,22455,
3802,7956,31617,25950,23794,33969,
3821,15233,31694,33432,15644,
3825,11537,12436,18487,20880,21574,
3833,4741,12571,14315,34235,19950,
3844,24284,5923,35853,20973,13829,
3849,13269,1871,11100,11928,418,
3857,14972,21230,7103,
3865,3807,4177,6944,7568,8352,
3866,4930,7090,7990,9667,14417,
3881,2333,5309,7736,14519,15460,
3892,21347,34535,323,2250,8312,
3894,6213,13188,29130,25573,28831,
3903,10425,14230,1386,32705,21150,
3905,28909,17796,31582,1699,1730,
3909,17241,4472,18275,12292,31983,
3917,1879,5315,20016,20160,23147,
3925,2026,2113,2508,3490,4561,
3943,11461,17571,21730,23158,34311,
3953,2796,3403,5125,6407,7118,
3983,546,28938,28950,16920,23799,
3988,1629,6674,8602,11645,15127,
4005,30471,35051,29931,4328,2029,
4007,32741,35655,31674,613,1299,
4012,14397,20299,21099,21386,21665,
4016,4123,7898,13146,14675,14753,
4023,5680,12258,33915,34007,2775,
4037,11921,19967,4012,3724,30648,
4086,1568,20798,21836,32676,4655,
4092,8532,23762,26941,1183,2828,
4095,19675,1160,11396,16816,24331,
4100,1359,2133,18169,21558,22857,
4103,33185,426,2808,14566,18514,
4105,33060,11379,34659,7713,30632,
4112,5460,15314,27911,28980,31956,
4117,735,3082,4863,7665,7889,
4123,13146,9254,15037,20215,24002,
4137,31027,14411,18266,23390,15199,
4141,1759,2513,3790,3824,4280,
4162,8623,30411,191,1486,6265,
4163,1407,1748,1810,3799,4445,
4185,1264,6069,7926,7927,9692,
4188,3768,6687,7572,8160,9782,
4192,32597,
4193,13540,5495,29098,29224,1947,
4242,32112,33421,2483,2733,3672,
4246,9956,29079,23563,9650,33653,
4280,1759,2513,3824,5991,8151,
4281,8913,33700,8443,29015,18817,
4289,3956,19862,29108,26286,36016,
4295,9510,23890,31201,5925,30035,
4302,14420,6712,654,3894,2734,
4305,3892,7629,40,19846,29313,
4310,17953,14358,34206,12815,32026,
4315,1359,2133,18169,21558,22857,
4316,12191,22884,12042,654,1313,
4328,14288,17367,28146,13761,3187,
4335,1927,5101,19943,32807,15199,
4350,741,27332,32365,32809,24220,
4358,11362,11751,14214,25224,29143,
4362,3847,35909,4823,10001,13365,
4367,19513,173,2271,5960,11419,
4389,3866,7090,7990,14417,14483,
4393,1738,2124,3031,3433,3915,
4409,11458,
4434,81,1169,1353,1555,1743,
4470,11942,1183,2828,3460,5422,
4472,3349,34225,2120,18776,15276,
4494,4108,4424,6269,18966,23645,
4502,19372,32112,22471,13223,19943,
4511,1966,7198,9361,11786,13036,
4516,418,1548,5351,7974,11100,
4518,302,429,1947,6984,8032,
4529,25964,14411,18266,15199,32065,
4549,29446,31115,23915,21221,28151,
4573,30204,6624,17771,15381,73,
4605,7686,31438,25685,20536,34593,
4615,2917,4599,5353,9444,12136,
4622,9643,29062,3788,6142,35927,
4623,19324,15440,31490,11382,16533,
4655,5081,6228,19871,26865,33264,
4667,25964,10514,17519,3844,30239,
4670,334,1951,25865,32658,211,
4681,6959,14909,16174,31143,4871,
4682,12716,11382,16533,30690,4623,
4697,4755,6193,9435,11603,13565,
4698,10152,4,14,18,509,
4714,21221,28151,34341,7644,2124,
4723,13653,14584,17810,33256,19640,
4728,2018,6591,8970,10506,17831,
4740,4665,5480,6686,9606,11998,
4741,12571,34235,22793,14315,3833,
4749,40,3847,4362,4823,6642,
4752,7942,22086,22586,32589,109,
4755,17511,9435,10104,10344,12660,
4779,10133,21358,34323,35091,29158,
4808,1888,8505,8469,15394,261,
4814,6289,28363,418,5351,11100,
4816,81,1169,1555,1743,1796,
4831,2827,5140,11364,13969,16132,
4850,24436,25144,22619,1328,6925,
4859,29148,15239,6597,31625,948,
4871,302,429,6984,8576,13987,
4875,4081,12317,13485,20767,21294,
4879,376,3484,5462,5958,7410,
4884,28914,8050,25465,28698,25514,
4889,33304,32600,18984,1275,1832,
4897,1699,1730,6353,15958,18190,
4922,1807,6810,13003,13997,15114,
4973,25878,20185,1411,32905,31023,
4974,5419,7626,14639,24960,28565,
4989,9477,17141,22055,8971,18761,
5013,17079,32560,7437,30337,10514,
5101,21320,14411,18266,32065,26133,
5109,2250,6095,10312,11027,17584,
5110,26442,29147,25277,21519,29086,
5114,4158,8816,13392,14439,21368,
5126,3755,2951,4342,4597,9365,
5132,29365,20484,1250,1669,8869,
5137,9636,20351,23952,13924,20896,
5143,6895,29096,1430,
5195,1275,4889,35386,14599,73,
5204,30159,30683,4908,21168,18516,
5218,2858,24525,15815,22342,14266,
5224,2120,3349,12258,28871,33915,
5228,660,2739,6239,10562,12753,
5257,6884,12258,5429,5680,12617,
5269,31246,25658,7103,32597,28669,
5282,4755,6193,9435,16810,17540,
5285,24940,16474,21052,23804,34146,
5287,24605,35494,7074,12928,28920,
5291,5309,7736,15460,27957,28358,
5298,906,1960,3128,5375,5973,
5350,5680,5820,12258,28871,32350,
5352,3392,4271,5907,10120,13938,
5360,3243,10349,30777,34867,32598,
5399,831,4624,13075,23918,33360,
5416,13761,27948,2867,3187,6414,
5423,948,2114,2706,15386,15578,
5482,22455,35960,32771,21540,10874,
5483,20561,14316,2635,22532,36097,
5486,6369,21612,40,2026,19158,
5495,29098,13730,26322,26472,30262,
5500,191,1486,3844,6265,8623,
5507,21891,33875,34763,17645,7054,
5510,34399,16104,28160,33606,21316,
5528,20215,21015,21289,23748,34622,
5534,13759,24545,27487,7576,28786,
5567,30311,3175,3666,8334,11709,
5597,73,190,430,1105,5460,
5598,3753,9210,9635,24984,27403,
5655,939,3544,17844,31977,1210,
5658,21340,2981,7680,4358,21988,
5670,29516,21728,290,5700,6206,
5675,15141,21956,406,35345,16422,
5698,7923,10257,35635,1359,2133,
5703,2026,2113,3490,4561,10679,
5709,3348,11910,35500,30726,81,
5737,34813,16030,23462,24832,17489,
5754,1313,2483,2733,2841,3672,
5770,29158,
5801,25433,27883,34164,34553,2775,
5827,9390,26322,34195,18053,13540,
5846,21952,11497,4687,4918,10005,
5865,35888,
5882,2280,32692,33386,19099,21568,
5919,33544,28786,1603,2121,8358,
5923,1,29,152,191,221,
5925,4295,9510,23890,31201,30035,
5931,2092,8783,9898,23363,32295,
5933,17246,31455,3544,13793,1884,
5935,25507,2567,27404,976,7489,
5959,25630,
5963,280,4537,7509,14469,17413,
5965,22037,14436,17946,46,23678,
5967,2109,18076,1013,9525,15660,
5971,7035,2635,18605,8946,24654,
5991,1759,2513,3824,8151,8669,
6009,373,1264,6069,7010,7926,
6013,21730,27392,124,261,543,
6031,6181,7095,23321,29129,33632,
6038,7451,10077,11519,13432,19690,
6058,4231,10132,16114,25929,21363,
6066,7522,18077,19103,19993,20316,
6067,2500,5302,6588,9146,9961,
6122,5159,19437,23854,24785,27518,
6130,1057,5869,5870,6820,6821,
6138,27395,18524,13013,6832,23829,
6150,1411,1879,5315,7213,7322,
6152,4889,9925,12638,19720,20254,
6155,20921,2182,3410,5384,6342,
6158,24091,29506,35090,6071,28227,
6163,1668,30193,23724,13902,21708,
6168,31917,2458,10113,418,427,
6175,562,844,8454,14818,17119,
6184,1183,2828,3460,5422,5615,
6193,4755,13565,16810,20483,9435,
6253,2001,33862,24434,30409,23632,
6265,1,29,152,191,221,
6269,4108,4424,18966,23645,26325,
6273,5870,6130,9071,12036,18483,
6289,8200,28860,3621,9811,10157,
6308,323,2250,8312,10312,12962,
6325,19751,18984,8469,766,1197,
6332,8977,6496,11122,11968,18273,
6360,1392,418,5351,11100,11743,
6366,22541,25579,10292,4633,17377,
6376,610,10972,8234,19697,27215,
6380,27891,33640,3646,25950,665,
6394,25925,30819,27189,12153,16694,
6401,14120,14515,16004,7074,23598,
6411,1,29,152,1153,1222,
6414,19870,15669,3187,24001,34849,
6427,2124,3031,3433,3915,7181,
6449,10251,14888,18444,33896,12603,
6456,15312,1832,4419,8035,10841,
6496,20815,33449,26189,31297,20428,
6511,1428,17349,7505,7574,14776,
6521,154,9495,16975,27129,9052,
6555,4283,30020,1505,721,9658,
6579,31674,17801,35574,8723,32294,
6595,1884,10451,22807,26563,9878,
6597,3847,35909,4823,6675,10001,
6598,5370,13657,16933,7183,20752,
6623,221,22312,33726,28488,8623,
6624,695,885,1884,2026,2113,
6628,11019,11461,17571,19898,124,
6642,15896,3847,10001,18021,21047,
6651,20464,
6653,29035,22241,5846,29896,30558,
6659,3788,6142,9919,13684,35927,
6680,31968,4847,10161,34107,20345,
6690,23170,28227,29974,34349,11753,
6712,654,1313,2483,2733,2734,
6727,10337,25911,31961,13236,654,
6764,1392,14646,25486,26411,29038,
6767,29224,29098,9055,7076,1947,
6777,23829,
6789,1,29,152,1153,1222,
6808,27677,167,2018,2556,3151,
6818,20276,33145,35892,14253,18831,
6832,16317,19810,30388,13013,6138,
6878,35045,4472,7851,18984,31979,
6881,5285,12370,16504,23269,24136,
6884,33792,14315,5350,5820,12258,
6890,12482,27842,31091,35776,889,
6891,660,2224,2739,4145,4197,
6892,3944,21442,32420,4362,32550,
6905,15617,1618,4231,5004,7207,
6925,562,844,2030,6175,8454,
6927,2313,7031,7399,8890,10197,
6958,6888,11713,21157,23633,27591,
6965,3944,32420,21442,32550,32944,
6972,30329,18674,
6989,11560,11599,21630,26091,26112,
7025,418,5351,11100,11743,11928,
7029,29884,20760,20098,1763,21739,
7039,5404,12028,19054,20410,18212,
7051,12245,26806,21495,3620,15141,
7054,3982,20429,8150,15049,19352,
7071,1460,11004,32755,35032,11102,
7073,15420,654,845,1313,2483,
7074,26596,2500,5302,6067,6588,
7076,29098,29224,1947,4193,5495,
7093,12220,28914,15877,5126,29064,
7103,31979,15877,341,11009,11560,
7108,19372,14628,22471,4502,31157,
7179,628,7607,7718,10835,18689,
7180,34047,7704,34824,14238,6579,
7183,4816,81,1169,1743,2487,
7198,13036,1966,11786,25845,23941,
7199,3847,4823,6675,10001,10235,
7203,261,437,1139,1197,2254,
7213,1879,5315,17751,20016,20160,
7221,1,29,152,549,1153,
7240,1699,1730,15958,18190,20870,
7273,766,1,29,152,549,
7275,11599,10561,27293,24760,10186,
7292,3909,22400,24545,34225,14630,
7311,2951,4342,4597,9365,9773,
7324,3943,
7352,15729,29210,5670,32597,11510,
7353,27042,16452,9178,6152,11910,
7377,889,6890,12482,27842,31091,
7412,18275,8780,191,1486,3844,
7424,846,4137,4226,9059,10622,
7436,1183,5615,11942,12717,13326,
7437,5013,10514,17079,32560,10984,
7456,35164,2951,9365,11289,14323,
7461,1,29,152,1153,1222,
7517,16616,35404,2500,5302,9146,
7529,5649,24164,9911,25817,18270,
7549,556,2303,2763,6216,7968,
7575,665,765,1763,1846,1851,
7576,261,1139,5005,5900,6740,
7582,35312,24356,18596,10190,10564,
7607,18689,22867,10835,1589,4292,
7611,4251,13196,20338,6888,21157,
7626,5140,13969,16132,18318,26904,
7629,3892,1057,3621,5869,6820,
7640,22852,2439,11461,8145,15152,
7646,30099,12320,23911,819,1378,
7655,35678,26148,15982,16160,19762,
7661,19949,29210,33303,6764,
7667,3911,24961,10331,15124,6965,
7679,4425,15323,15678,16560,27177,
7684,4681,6959,14909,16174,31143,
7687,1746,15323,15678,27177,4425,
7692,30531,31327,36091,22028,12619,
7704,4665,5480,6686,7180,7522,
7706,24706,2690,12303,1832,4419,
7707,151,19578,21350,7437,21760,
7712,3694,3175,3666,8334,9467,
7713,1918,3606,16272,30632,33007,
7718,6674,8602,11645,11686,12249,
7726,18333,27296,29512,17615,33670,
7731,5563,6372,7069,12764,14219,
7736,5309,14519,15460,27957,28358,
7747,3753,9210,9635,24984,27403,
7768,3243,10349,25636,27953,30777,
7771,33769,921,17165,18963,10042,
7784,26352,317,3866,4930,7090,
7790,18572,24512,6372,7069,7731,
7821,3847,4823,10263,13032,13365,
7848,7702,12268,10983,14454,26587,
7851,124,21822,16452,11461,1139,
7860,2951,4342,4597,9365,9773,
7868,4537,5963,19691,20221,25135,
7890,11917,27484,13542,34783,34258,
7906,2280,5882,32692,33386,26621,
7911,24440,376,3484,4879,5462,
7946,214,1668,2796,3403,3581,
7950,8913,9051,4231,10132,16114,
7956,727,1234,1629,2176,2434,
7967,34044,17814,5967,18304,13394,
7985,34277,1813,25472,985,6915,
7989,12255,14245,1045,15001,18053,
7999,31057,14961,14341,14592,4549,
8013,18674,
8032,12099,13717,20677,28883,613,
8036,6320,6968,15286,19466,27770,
8038,15117,81,1169,1743,1796,
8043,30943,1179,11067,11734,13461,
8050,4884,28914,7093,34565,25549,
8051,5820,2106,21182,34880,35550,
8069,153,1682,3463,4011,5690,
8088,376,3484,4879,5462,5958,
8135,27961,18674,
8139,81,1169,1353,1555,1743,
8145,1365,4316,9537,13157,19376,
8155,167,819,985,1378,2346,
8162,13249,15312,15713,18878,21291,
8164,29099,1699,1730,4897,6353,
8185,11122,11660,11968,18273,25684,
8194,845,4234,5505,6279,8115,
8226,1807,4922,6810,13003,13997,
8232,20545,13995,10667,10767,1353,
8256,1,29,152,549,1046,
8261,12645,21261,24987,474,727,
8279,4752,15431,20708,27174,34261,
8282,838,900,1005,3398,4277,
8348,10845,1618,2397,2642,2927,
8353,15257,31620,32728,29521,16790,
8357,1,29,152,191,221,
8401,3016,6909,21355,30890,35886,
8469,1618,1888,2680,2927,4007,
8488,1136,15258,3151,4633,7509,
8495,26133,21320,14159,32065,20345,
8512,1299,1373,2142,3407,4605,
8523,27039,15784,10767,11159,24085,
8532,2828,3460,5422,5615,8781,
8546,16077,27575,3084,14967,5919,
8566,261,1139,1197,2254,2616,
8580,7950,21274,25658,29516,12469,
8606,261,437,1139,1197,2254,
8610,5252,13795,10103,16651,261,
8623,1,29,152,191,221,
8624,1618,4231,10132,16114,19084,
8646,5567,6038,7451,10077,11519,
8652,5392,14739,16273,7324,17508,
8659,11678,12191,22884,12042,27004,
8701,1456,16401,21740,34571,1603,
8723,6456,13497,35176,4389,32075,
8733,613,2224,4145,4197,5288,
8743,3833,4741,22793,12571,14315,
8760,23563,33653,7029,34449,4529,
8767,16564,15360,
8768,1010,
8780,12292,33726,32207,8623,15276,
8796,3292,4358,10960,29574,33344,
8811,3638,28462,33737,26853,29093,
8816,4158,11238,13392,22069,22295,
8855,28076,29784,33790,11381,16706,
8864,16397,22376,28489,5237,6983,
8883,133,3807,3865,4177,4502,
8901,25943,28537,23952,22229,20533,
8906,9474,35312,577,11776,29168,
8920,21881,15163,28370,4831,1832,
8944,11159,24085,32207,10767,15784,
8946,167,819,1378,2346,2556,
8951,2000,35197,323,2250,8312,
8969,8518,11080,13514,20801,21718,
8971,34111,21022,3865,28831,18212,
8978,261,437,1139,1197,1234,
8979,3807,3865,4177,6944,7568,
8983,1160,4460,16816,18391,24331,
8985,4529,25964,133,14411,18266,
8999,27839,21422,25817,660,2739,
9005,1,29,152,191,221,
9006,12292,124,34225,34449,20106,
9018,961,24651,9095,12856,18358,
9050,7728,8134,11237,11421,18573,
9052,154,6521,9495,16975,27129,
9054,7221,20344,30494,25950,22468,
9055,1610,2493,3653,4663,7495,
9086,33625,21612,6369,9236,1013,
9120,9976,1010,12619,30998,12469,
9135,4117,7665,7889,9287,10844,
9145,6628,11461,12029,17571,29029,
9149,3299,31900,34331,4622,15072,
9152,25290,1013,1511,3027,4001,
9178,261,437,1139,1197,2254,
9183,33073,9052,29976,29086,13793,
9189,5062,7853,23221,17061,16766,
9210,9635,24984,4506,27297,27403,
9236,11330,33969,35494,23538,24857,
9246,23952,20173,406,1511,1664,
9250,9293,10862,14397,16811,17184,
9254,11066,33421,2458,23164,6981,
9265,8969,10805,23465,12564,17144,
9283,17801,177,27677,17969,16716,
9294,177,8969,9265,10805,12564,
9307,19023,23977,35504,284,458,
9326,2574,4016,4123,7898,11841,
9330,16661,7103,
9387,84,13542,15353,20185,25878,
9390,34195,18053,26322,1653,13540,
9413,29224,1947,7076,1895,13540,
9420,5132,29365,24726,14377,2397,
9422,23778,29025,24809,30042,28909,
9435,4755,6193,13565,16810,20483,
9444,2917,4599,5353,12136,12401,
9455,18335,1927,31455,10960,29440,
9467,3175,3666,8334,11709,16550,
9474,577,8906,11776,31317,35312,
9490,373,7926,7927,9692,10180,
9495,154,16975,27129,6521,9052,
9496,9939,19735,34787,3179,13479,
9537,35935,26987,19168,13712,20515,
9559,15819,16725,33303,18817,25694,
9604,3411,5279,5361,6665,7652,
9613,11423,34880,3724,15644,
9630,1727,1769,12833,35620,21760,
9650,3683,11019,34225,10495,6628,
9658,11315,2113,2508,3490,12258,
9663,133,4847,10996,18266,19695,
9667,4930,7090,7990,14417,14483,
9668,13463,22744,13540,15525,23426,
9679,15516,12652,
9702,4816,9878,23457,7183,24799,
9722,665,765,1846,1851,2173,
9741,14573,4,14,18,214,
9772,146,721,2319,3411,5279,
9779,4876,18756,19541,21743,26565,
9780,1,29,152,549,1153,
9790,32499,27648,35960,1960,2133,
9797,1102,1264,6069,6779,7926,
9808,283,12388,15648,5482,19919,
9825,35550,7103,28669,32570,12619,
9840,5004,7207,11863,11940,16072,
9843,1234,2434,11686,12249,14846,
9862,4715,4460,18391,28091,819,
9883,5004,7207,11863,11940,21928,
9911,18052,660,2739,5228,6239,
9918,2026,2113,3490,4561,5247,
9932,6239,27839,21422,6372,7069,
9956,2026,2113,2508,3490,4561,
9961,2500,5302,9146,12048,16616,
9976,40,11644,474,1057,3847,
9982,511,31331,25265,17486,32759,
9995,14305,31046,9006,34060,124,
10001,3847,4823,13365,16168,18021,
10018,14682,3847,4823,6675,10001,
10025,7242,10395,14391,19755,20980,
10042,1738,3753,19762,23375,24984,
10046,16372,18237,15261,15617,27160,
10054,167,819,1378,2556,3103,
10077,1299,3407,6981,7686,8512,
10084,1603,2121,3394,8358,8928,
10103,35449,34225,261,8566,17571,
10108,8969,9265,10805,12564,23465,
10112,17110,4516,29158,
10113,35197,418,1589,4292,5351,
10133,27567,6892,14189,7728,8134,
10153,211,334,1951,4670,13622,
10161,133,3807,3865,4177,4502,
10171,7607,628,10835,18689,19259,
10186,8162,31830,10898,18356,26112,
10217,1607,4315,31464,4158,13392,
10224,36102,1373,4699,6981,15363,
10235,3847,4823,6675,10001,13032,
10239,28831,2310,3365,8843,15371,
10263,13032,27314,14628,35197,26049,
10279,73,190,1105,5460,7002,
10291,4948,12566,32334,33507,8360,
10292,25579,6366,30039,16079,19611,
10293,387,4199,7930,7977,12003,
10318,28463,215,2182,2444,3410,
10331,26621,26282,6038,32075,4573,
10365,12090,13520,24499,116,11067,
10382,33683,12257,12335,13250,13514,
10386,7952,34498,31411,23520,29976,
10391,5522,23809,35881,1253,1738,
10440,24356,15381,2816,22884,12191,
10483,7616,31506,11273,17906,23736,
10485,6888,6958,11713,21157,23293,
10495,9650,16512,177,2439,11455,
10514,23390,15199,14411,133,18266,
10528,4089,19752,20847,26203,20081,
10538,32920,7522,19420,2807,3411,
10541,20377,1770,2712,13375,23700,
10543,36002,34283,17412,22938,25514,
10554,8623,20098,30411,191,1486,
10557,15669,4185,373,1264,3694,
10561,27853,27293,24760,1,29,
10579,35574,29224,26902,1947,1895,
10623,660,2739,5228,6239,10562,
10652,7093,9467,33980,15650,9956,
10662,9712,32306,1216,6708,5038,
10667,27039,1,29,152,474,
10683,31532,15965,18788,5528,16226,
10688,35469,
10700,14266,23206,22759,4549,35469,
10703,323,2250,8312,10312,14509,
10729,27339,4847,31968,11978,10161,
10734,376,3484,5462,5958,7410,
10762,17246,5258,1353,6369,21612,
10767,24085,15451,9005,1,29,
10802,766,7076,11315,22793,18984,
10805,8969,23465,9265,17144,12564,
10807,27911,32136,35844,73,190,
10808,2439,24308,11382,28553,11019,
10823,2526,3294,20460,26843,30084,
10832,15521,21663,27599,34211,28781,
10835,18689,22867,7607,19909,14776,
10839,418,5351,5649,11100,11743,
10845,1618,2927,4007,4231,8495,
10869,4108,4424,4494,6269,18398,
10887,317,4930,7090,7990,14417,
10889,2485,31307,12619,
10893,21606,34385,16452,8469,23021,
10898,906,1960,3128,5375,7934,
10918,15397,46,1415,5287,6811,
10926,3297,6215,8802,15847,20055,
10932,280,4537,5963,7509,7868,
10955,19844,11794,25024,20860,33020,
10960,29574,33344,695,2026,2113,
10969,28379,26028,31983,25608,14269,
10984,4989,6890,6588,19742,25636,
10996,19695,21320,31968,133,4847,
11009,28914,28791,7103,27646,13376,
11019,24308,30314,17571,18881,35449,
11023,21230,26075,
11035,1790,1964,6292,7456,8696,
11047,7594,8953,17676,14529,24980,
11058,3035,5801,5824,12039,12420,
11066,9254,33421,17590,21810,2610,
11067,727,1234,1629,2434,2610,
11073,14420,654,2734,6712,308,
11081,27839,21422,1299,1373,3407,
11102,7071,35091,34565,28669,
11113,5649,11978,22504,25733,31319,
11137,19898,8145,2684,7640,1365,
11159,24085,10767,15451,9005,32207,
11200,4749,29035,20281,10001,18021,
11220,17246,9956,35591,2026,2113,
11234,10893,13759,20281,21606,26374,
11260,1,29,152,549,1046,
11273,214,5250,9711,11478,16952,
11278,32999,31146,31221,20586,27662,
11282,33969,34954,4752,5462,5958,
11288,1748,6258,6882,19966,1407,
11320,16317,5522,8360,10549,20899,
11327,11879,35053,8514,18751,19003,
11328,23375,4872,33016,7609,19261,
11364,2827,4831,5140,13969,16132,
11371,3847,4362,4823,6675,7199,
11379,4105,33060,15906,25373,12953,
11382,81,1169,1266,1353,1488,
11396,1160,16816,24331,27444,33532,
11411,26218,3688,5601,6031,6181,
11419,173,2271,5960,12268,14840,
11428,11888,16179,24481,16401,13043,
11432,14420,654,2734,6712,25290,
11443,1057,5869,6820,6821,9804,
11445,151,7707,8843,24557,25941,
11446,906,1960,3128,5375,7934,
11455,474,1057,2439,3892,5869,
11458,4409,20747,7082,18692,35080,
11461,17571,124,16452,2439,8145,
11491,1497,4051,7843,10983,14454,
11499,25102,18850,727,1629,4823,
11506,1139,1197,2254,2616,4579,
11507,19919,948,2114,2706,5423,
11510,2461,26872,26352,21072,27983,
11523,1511,8391,16926,18016,18210,
11543,1115,14413,15133,19233,577,
11547,15258,215,418,2444,5351,
11557,1603,2121,3394,8358,8928,
11559,2951,3406,4342,4597,7341,
11560,29781,26963,376,1313,2642,
11579,29319,6659,31096,2870,12469,
11593,21168,11260,16452,766,34060,
11599,17916,27487,15648,8512,6150,
11631,1183,2828,3460,5422,5615,
11643,3538,3735,8189,14457,22634,
11644,21347,3892,2250,17584,21573,
11707,35710,13236,18785,81,654,
11726,14026,17688,8733,26903,32880,
11727,28319,34044,
11734,27269,32571,775,18248,20973,
11741,376,3484,4752,4879,5462,
11749,1411,1013,1879,3027,5021,
11760,1916,4697,4755,5282,6193,
11770,4623,555,26224,11382,18529,
11794,2917,4599,4615,5353,9444,
11841,20649,444,1511,6132,8164,
11856,8234,14218,19697,30092,6376,
11865,34565,28791,5429,9559,35323,
11866,427,1299,1373,2142,2219,
11869,1664,2018,3677,3884,4930,
11888,24545,12786,8469,24481,1888,
11891,628,12320,18892,19909,10835,
11893,31532,14238,10802,1950,14972,
11921,1753,7311,15685,16267,18156,
11927,4517,7663,19140,30431,32715,
11934,13223,18962,34311,8005,10210,
11936,23667,25950,22539,1,29,
11942,1183,2828,3460,5422,5615,
11961,3065,3127,3837,4339,4845,
11978,30482,32905,19372,25878,20185,
11993,302,429,6984,8576,13987,
12003,387,4199,7930,7977,14613,
12005,2397,11856,13223,16344,30035,
12008,7120,18834,24248,32294,30042,
12014,28626,16250,35520,13376,
12029,1664,3677,3884,7032,16005,
12057,2493,3653,4663,7495,15091,
12059,1013,3027,5021,6493,9525,
12086,4665,4740,5480,6686,9606,
12091,10703,20433,11510,8050,
12102,31027,23390,14411,133,18266,
12115,11753,28227,29974,34349,11035,
12132,1748,6258,6882,19966,1407,
12162,2124,3031,3433,3915,6427,
12170,3151,11413,11849,18211,34172,
12190,4859,14468,14852,17254,19640,
12191,2388,3570,5404,7039,12028,
12212,1634,4655,33794,21364,15846,
12220,7093,33653,15394,28968,28914,
12223,4081,4875,12317,13485,20767,
12239,5539,5795,7090,7990,14483,
12255,14245,7989,34086,13284,35710,
12292,8780,32207,11159,18275,34449,
12303,173,2271,5960,10528,11419,
12306,24895,1832,4419,5560,8292,
12321,10390,11039,13907,18472,19305,
12324,16129,21488,25896,29322,30851,
12348,4908,15258,2191,4930,7090,
12364,29629,33923,4316,31496,12268,
12370,16504,23269,24136,25237,26717,
12375,1353,16556,3460,8532,10850,
12420,3035,5824,14057,20467,23076,
12431,3792,13230,20212,25191,24049,
12435,3886,2470,23394,20770,32378,
12441,948,2114,2706,5423,15386,
12459,317,3866,4930,7090,7990,
12469,17882,2280,5882,555,4682,
12485,22619,4850,33876,11288,18916,
12501,31483,20517,22862,3586,20851,
12504,1759,2513,3824,8151,8669,
12514,8280,6427,17421,2439,21610,
12522,8032,30742,302,429,6984,
12534,373,1264,6069,7926,7927,
12564,8969,9265,10805,23465,17144,
12572,29781,30928,7956,26963,19033,
12587,283,9939,19735,25865,211,
12591,52,603,2125,4430,5090,
12600,1,29,152,1153,1222,
12619,21274,827,21421,1134,316,
12645,19898,8145,1365,1057,5869,
12652,430,11779,73,3127,5460,
12717,1183,2828,3460,5422,5615,
12726,1057,5869,6820,6821,9804,
12730,13937,19324,23610,30406,21921,
12742,323,2250,6308,8312,10312,
12760,1361,2109,3620,7051,12245,
12770,3366,8938,9213,15835,28850,
12786,1139,1197,2254,2616,4579,
12807,13088,376,5462,5958,7410,
12815,4310,14358,17953,32026,34206,
12833,1727,1769,19928,20175,35620,
12840,16901,24422,4328,25550,6881,
12850,20593,27246,18079,35520,2870,
12860,29,1998,2330,4630,4640,
12864,1,29,152,1153,1222,
12875,1,29,152,468,549,
12893,9071,18483,23121,23694,30148,
12903,22471,25964,4529,20546,855,
12928,24605,17592,9401,17381,25616,
12938,1918,3606,7713,16272,30632,
12953,11379,4105,33060,25373,15906,
12965,1918,2015,3606,4434,7713,
12996,21950,34132,30102,22594,3108,
13013,33452,16661,31934,31267,24234,
13014,19084,665,765,1763,1846,
13021,1365,8145,22037,19099,16476,
13038,25819,4667,
13043,11497,5846,7974,13297,5700,
13059,4121,14885,20956,24882,25328,
13061,1183,2828,3460,5422,5615,
13084,22565,27298,36139,22457,21961,
13088,12807,376,5052,5462,5958,
13121,25290,17964,21398,3725,4461,
13138,4630,6215,6974,7758,11694,
13146,14753,15037,20215,21015,24002,
13158,2577,6380,14365,30925,33544,
13206,4385,31538,30188,30639,2796,
13223,35500,5709,133,3807,4177,
13236,654,14420,2734,6712,24509,
13237,3318,15640,19971,21153,31329,
13240,20446,
13252,6810,18341,4922,8469,35734,
13269,3849,418,5351,11743,13887,
13284,28235,3847,4823,5680,10001,
13301,13157,19376,24383,30739,34565,
13326,1183,2828,3460,5422,5615,
13329,19010,
13330,5114,22043,1603,2121,3394,
13376,3292,26902,13793,12903,17801,
13377,14221,13933,16986,4324,15072,
13394,9650,33923,26374,331,2842,
13419,1,29,152,191,221,
13440,3956,4289,7054,10031,25819,
13461,1179,11067,11734,20428,23638,
13479,19735,34787,9939,3179,9496,
13492,35152,13761,31332,17963,31636,
13497,2283,19261,8723,25265,6456,
13498,23821,27190,4959,21209,28119,
13519,1664,3677,3884,7032,16189,
13533,1664,3677,3884,7032,16005,
13540,4193,9390,18053,26322,34195,
13572,21320,14411,133,18266,32065,
13580,8624,10133,7704,5965,22037,
13617,2642,4048,7620,12480,14579,
13620,4081,4875,12223,12317,13485,
13622,211,334,1951,4670,25865,
13648,18053,6712,22856,14420,13236,
13657,20274,29058,8733,15276,6269,
13681,1336,562,613,844,1699,
13704,16282,21082,73,81,190,
13712,1411,1879,5315,6150,7213,
13713,34489,6136,12714,6095,10180,
13722,35678,26148,7655,9123,7519,
13723,11928,2239,4304,11100,418,
13730,26472,30262,27326,28705,9055,
13735,16734,25373,24572,5598,35438,
13759,15394,10893,21606,34385,15896,
13761,5416,8701,19250,27948,32259,
13789,1603,2121,8358,8928,9401,
13793,15648,10077,24356,10440,13376,
13795,5252,23510,12786,29079,18776,
13801,6150,7322,13712,19324,7999,
13818,36102,10224,32836,16304,18107,
13825,1879,20016,24825,26853,27015,
13829,1,29,152,191,221,
13847,22923,3527,30042,35131,5269,
13848,3847,4823,6675,10001,10235,
13868,26685,19271,31307,1241,29516,
13887,418,5351,11100,11743,11928,
13923,1068,7219,13110,14389,22593,
13928,1618,2927,4231,10132,16114,
13937,81,1169,1743,2487,2541,
13961,19260,2606,18692,22475,29595,
13995,26076,14254,474,1057,2439,
13997,1807,13003,15114,15116,21695,
14017,22509,36123,31582,17285,3905,
14054,1,29,152,468,549,
14058,25344,26307,28324,34805,1831,
14085,11371,23962,18850,6680,511,
14106,10217,
14120,4959,5592,5680,6230,8613,
14133,7934,9527,34731,26246,3073,
14139,427,1299,1373,2142,3407,
14157,29035,27953,373,25101,22241,
14159,133,3807,3865,4177,4502,
14224,12335,13250,17515,24879,21257,
14228,2018,6591,8970,10506,27319,
14238,316,2981,5539,27652,811,
14241,1497,4051,7843,10983,11491,
14247,3694,14405,16947,18193,24895,
14253,418,5351,11100,11743,11928,
14267,7025,1540,31613,
14269,5846,11497,13297,17854,28379,
14286,14411,18266,15199,32065,23390,
14295,27156,26239,612,705,906,
14305,124,261,437,543,1139,
14315,4741,12571,34235,19950,22793,
14316,2224,4145,4197,7764,9867,
14326,9254,6009,7010,290,2458,
14329,31460,32741,1299,3407,7686,
14341,6376,8234,11940,21928,29374,
14358,1050,8518,9729,10111,11080,
14365,6380,14534,30925,33544,34519,
14369,1,29,152,191,221,
14411,133,3807,3865,4177,4502,
14417,4930,7090,7990,14483,14585,
14420,654,1313,2483,2733,2734,
14428,17402,2842,4749,4823,6642,
14436,33653,31378,2927,14326,133,
14439,31157,6150,7322,29629,13712,
14447,695,2026,2113,2508,3490,
14496,1183,2828,3460,5422,5615,
14498,17801,3420,4502,30314,35500,
14505,26872,
14516,8532,23762,26941,1183,1407,
14523,302,429,6984,8032,8576,
14524,2283,3724,
14553,3768,4188,6687,7572,8160,
14573,214,9711,11273,11478,18459,
14584,17321,4723,28266,32597,
14592,10337,25911,31961,21692,18071,
14599,7851,1139,1197,2254,2616,
14604,109,2232,3937,4147,7442,
14628,3406,7341,8568,10874,11559,
14630,32967,29313,9650,2439,20805,
14674,31490,1488,9650,1353,4816,
14675,1160,15037,16816,20215,24002,
14736,1664,3677,3884,16005,16189,
14753,3983,10337,15037,16920,19478,
14755,10382,12257,13514,14404,28722,
14776,6511,21230,32597,
14782,1183,2828,2917,3460,5353,
14791,1918,2015,3606,7713,11446,
14845,1964,6292,8696,9911,14718,
14852,5560,22577,27015,14468,31221,
14854,11016,15926,18843,19396,31340,
14926,33875,21891,34763,1933,5197,
14961,11362,11751,14214,25224,29143,
14967,22295,24474,34125,11238,22069,
14972,21297,9307,25392,31266,2026,
14995,7576,261,437,543,1139,
15072,473,3306,36107,3120,3174,
15083,1,29,152,191,221,
15085,14682,15896,5965,13759,2109,
15091,15360,
15092,1,29,152,191,221,
15124,19372,20546,4502,30482,22471,
15127,6674,8602,11645,11686,12249,
15141,588,2945,3277,10094,13026,
15152,4443,14474,1142,31532,7576,
15163,4385,13206,17246,28600,16533,
15199,133,3807,3865,4177,4502,
15221,9440,33214,16670,23641,33224,
15225,81,1169,1743,1796,2487,
15233,3821,1699,1730,4897,6353,
15239,948,2114,2706,5423,15386,
15251,2902,25999,16778,612,660,
15258,1844,2191,17812,21871,26452,
15261,4862,16372,20332,28601,2800,
15276,261,437,1139,1197,2254,
15356,1664,3677,3884,16189,34022,
15360,15091,5649,9080,15314,22504,
15381,20274,26480,29058,2902,15794,
15386,948,2706,15578,15840,18048,
15394,13759,8505,3683,36064,261,
15397,5937,8005,10210,24388,34553,
15440,11803,12551,22194,23466,27302,
15444,1799,1949,6137,8618,9171,
15516,21196,3318,12856,13237,18358,
15525,32214,25344,26307,28324,34805,
15562,1697,4217,4283,10420,9551,
15604,1759,2513,3824,8151,8669,
15617,15261,16372,5309,14519,15460,
15632,14698,25228,23239,12216,2026,
15644,2557,30667,11507,31455,3983,
15648,1299,1373,2142,3407,4605,
15650,2124,3031,3433,3915,6427,
15660,167,819,1378,2556,3170,
15669,18711,34523,15987,3724,
15682,146,2319,3411,5279,6665,
15684,4569,
15691,1618,2927,4231,10132,13928,
15706,1050,8518,9729,10111,11080,
15711,6295,21483,1288,34095,11446,
15715,9055,24104,5004,7207,10040,
15723,34146,21728,5285,6985,22438,
15729,3847,4823,6675,10001,10235,
15736,14238,10018,30572,
15761,7273,695,766,8232,15163,
15763,4328,14288,17367,28146,13761,
15784,15820,33615,30494,7221,20344,
15799,1253,1738,2124,3031,3433,
15801,2796,3403,3953,5125,6407,
15819,9559,16725,18817,25694,32959,
15830,19012,22965,29104,11044,16838,
15840,948,2706,15578,18048,21173,
15846,1832,6984,8292,8576,13168,
15856,30823,4081,4108,4424,4875,
15863,727,2610,9843,11686,12249,
15877,4623,11382,15163,29781,30690,
15896,3847,4823,6675,10001,10235,
15904,21863,17252,21908,26461,19168,
15906,20824,31762,12953,18762,27590,
15926,11016,18843,19396,31340,30193,
15928,261,437,543,1139,1197,
15941,23794,27496,1629,2610,3027,
15948,21398,8050,33398,5967,4549,
15963,10623,26882,28902,5597,3790,
15964,376,711,2000,4419,5462,
15965,1918,3606,9925,261,437,
15968,7311,22848,27487,4878,35655,
15981,4121,14885,20956,24882,25328,
15987,4752,10451,15431,20708,22807,
15995,22628,
16015,444,5019,6132,13068,13694,
16048,7974,11497,13297,1770,2712,
16072,5004,7207,11863,11940,21928,
16079,27004,12191,22884,12042,6218,
16092,444,5019,6132,13068,13694,
16104,28160,33606,5510,28669,
16119,35149,11282,33969,34954,9236,
16139,26411,1392,25486,25808,17906,
16157,4280,30139,33726,14137,21594,
16174,1879,14909,20016,24825,26853,
16175,1759,2513,3824,5991,8151,
16179,24481,11428,13021,555,12292,
16191,26267,29560,14519,25856,15617,
16214,654,2734,3894,3469,14420,
16219,14703,23824,27603,17527,1684,
16225,24706,27314,6891,31490,1183,
16226,16283,1028,3068,20818,25534,
16229,5690,34695,153,1682,1839,
16235,5004,6805,7207,11863,23316,
16244,4004,9148,20066,23429,29845,
16250,34429,4141,33726,4280,20294,
16258,21822,23147,31975,1411,1879,
16282,4989,22883,27926,21754,14014,
16292,17381,25616,10158,11127,25653,
16294,5971,31365,33924,15963,32152,
16299,2350,26847,31217,24895,22532,
16304,32836,16083,22730,24205,27617,
16317,19810,30388,6832,32570,12469,
16323,6009,7010,9254,1264,6069,
16336,727,1234,1629,2434,2610,
16344,2397,13223,34311,11856,30035,
16354,13526,7506,8820,13895,20902,
16359,12539,17753,7953,18286,19020,
16401,1456,5700,6985,8470,11514,
16422,11414,2309,25250,4305,36,
16452,261,437,1139,1197,2254,
16465,3035,5824,12039,12420,14057,
16466,4142,24448,30012,6372,7069,
16476,15706,8145,19898,21718,6628,
16485,18689,11560,27156,14295,3420,
16500,2927,31378,14159,15199,32065,
16504,23269,24136,25237,26717,12370,
16512,28909,16092,20929,10495,17796,
16533,33457,12716,4623,11382,4682,
16556,29043,1353,4816,1488,4623,
16579,27156,14295,2823,5188,7219,
16582,22549,24406,
16590,2018,6591,8970,10506,27319,
16593,13961,5846,7974,13297,17714,
16600,4825,7468,12596,18696,19491,
16623,2191,35634,18944,15926,35500,
16625,8969,9265,10805,12564,23465,
16651,5252,13795,10103,35449,124,
16654,24519,17879,22799,7108,11234,
16661,9330,13013,27888,2461,31959,
16684,17105,13928,19009,1618,10132,
16695,33647,26259,5675,
16706,28076,214,5250,9711,16952,
16716,16579,7956,35449,2176,23563,
16733,19172,1407,1748,6258,6882,
16742,376,2000,3484,4752,4879,
16749,5869,6820,6821,14346,14382,
16778,8132,12503,15320,15816,16760,
16779,948,2706,5423,15386,15578,
16790,15257,31620,5592,8613,14525,
16806,24545,28968,28914,31378,23678,
16808,25943,28537,4178,12723,8901,
16870,22376,28489,30,22565,3394,
16887,12469,
16903,16485,4749,34572,15117,14498,
16923,14394,21333,24708,25882,27611,
16933,4108,4424,4494,6269,13657,
16947,33637,34802,35120,35765,14405,
16969,4470,13801,33670,15251,17771,
16986,32402,
17013,11313,16538,20999,22766,23451,
17056,25937,27567,15562,19200,10133,
17074,6985,8470,14042,18552,22438,
17075,8005,10210,4016,9401,1603,
17078,1832,4419,8035,8292,10841,
17079,32560,5013,7437,30337,10514,
17086,13061,2951,4342,4597,9365,
17110,30314,124,10112,22066,16651,
17111,10688,20958,31096,
17128,33752,6375,17105,13928,34636,
17141,9477,22055,18761,21935,29029,
17144,8969,9265,9294,10805,12564,
17165,20649,20173,4123,7574,13146,
17241,33847,4831,18878,28333,13249,
17252,2796,3403,5125,6407,7118,
17274,15037,24002,34622,30594,7898,
17285,22509,36123,14017,31582,609,
17301,32214,22862,20517,167,819,
17310,1085,2217,27355,29044,31154,
17321,124,261,437,543,1139,
17326,1832,4419,8035,8162,8292,
17332,11314,13242,17522,18296,22445,
17353,34268,15394,853,18916,19638,
17368,31365,17065,25726,21605,3621,
17371,730,7564,9895,13721,4973,
17377,28037,19429,13648,
17412,10543,36002,34283,22938,25514,
17415,20870,29214,31768,1699,1730,
17421,612,705,1170,2429,2823,
17439,1964,6292,8696,9911,14718,
17489,562,844,8454,14818,17119,
17510,167,819,1378,2556,3103,
17511,1916,4697,4755,5282,6193,
17519,4529,25964,4502,19695,14411,
17527,28786,5291,35591,23444,33923,
17535,844,8454,14818,17119,21292,
17553,3191,9080,15314,26872,30329,
17571,124,261,437,543,1139,
17586,20151,23858,29096,33402,4103,
17590,4605,21810,31157,654,14420,
17592,2026,2113,2508,3490,4561,
17593,1832,4419,8035,8292,10841,
17615,7726,12459,18333,27296,29512,
17624,654,1618,2483,2733,2841,
17634,11010,
17639,21568,23638,13429,21095,34702,
17667,23563,19240,33653,22286,8760,
17704,25685,8512,21238,29035,31460,
17714,22628,16593,
17724,5315,5592,8613,9497,12591,
17726,2775,5801,21177,25433,27883,
17747,15660,853,5083,11766,22990,
17751,665,765,1846,1851,1879,
17771,695,2026,2113,2508,3490,
17796,483,5022,24563,33448,33571,
17800,14447,26596,22793,24605,18076,
17801,9283,14498,19372,4667,21278,
17810,4723,12469,
17814,18304,17879,32920,28925,19535,
17844,5703,22295,2779,5563,6372,
17854,4494,15877,29781,2439,27560,
17879,6369,22793,34044,2371,21612,
17882,4682,21217,25443,12162,5510,
17894,5495,12275,13301,17075,16969,
17905,1699,1730,4897,6353,15958,
17906,16139,
17916,5645,6230,21917,24216,4956,
17937,1918,2015,3606,4434,7713,
17946,18881,2439,19898,24308,24706,
17953,14358,34206,12815,32026,4310,
17963,31332,27269,32571,775,18248,
17969,8623,30411,191,1486,3844,
17979,28076,16706,8855,34793,7039,
18022,30494,7221,8674,15820,17473,
18032,4599,12136,15295,2917,5353,
18033,7031,13043,20375,21267,30408,
18052,660,2739,10562,22070,31184,
18053,34195,15188,23121,23694,13540,
18071,845,4234,5505,6279,7073,
18076,7051,12245,26806,1013,3027,
18077,6066,7522,12335,13250,14224,
18079,20593,33778,27246,10171,7412,
18083,17901,7663,19140,30431,4517,
18098,20185,25878,31023,7073,32905,
18101,13269,
18102,1234,1629,2434,6674,8602,
18107,727,1234,1629,2434,6674,
18116,323,612,705,1170,2250,
18123,26893,34041,32313,36125,6325,
18125,31490,3065,3837,4339,4845,
18129,3614,20937,29047,827,27137,
18136,34341,30449,22625,1738,33923,
18161,167,819,1378,2556,3103,
18173,33849,14515,16004,35657,17370,
18187,1250,1669,8869,10317,16965,
18193,16947,665,1846,1851,2173,
18212,3570,5404,12028,19054,20410,
18235,7607,10835,18689,19909,22867,
18237,15261,16372,22938,27160,6623,
18245,6764,
18248,1,29,152,191,221,
18256,11027,7702,6117,23074,25627,
18257,660,2739,5228,6239,10562,
18266,133,3807,3865,4177,4502,
18270,33459,6805,23316,30162,35904,
18275,33726,221,4208,8674,17473,
18296,17522,26163,11314,22445,22736,
18304,17879,31979,34044,19751,6628,
18335,19633,29475,31834,14099,2339,
18341,1807,4922,6810,13003,13997,
18374,4878,11844,13176,9808,35474,
18377,15342,26623,27424,34660,14932,
18387,31534,1610,29582,27094,8864,
18391,4460,28091,4715,12560,19909,
18398,4108,4424,4494,6269,18966,
18403,26432,21646,35312,15516,7582,
18411,81,1169,1743,2487,2541,
18420,562,844,5592,8454,8613,
18454,7275,34592,
18455,214,5250,9711,11273,11478,
18459,214,5250,9711,11273,11478,
18501,283,1359,1589,2133,4292,
18524,1183,2557,2828,3284,3460,
18529,28333,34404,31411,1832,4419,
18539,4968,28272,4012,29841,7790,
18549,25098,4741,6817,8252,12090,
18572,5563,6372,7069,7731,12764,
18575,17470,23521,24557,25941,26507,
18582,3035,5824,12039,12420,14057,
18596,24356,5931,7582,35312,10440,
18634,23462,24832,16030,34813,5737,
18666,302,429,1947,2783,4871,
18672,21398,3027,5021,6493,12059,
18674,26540,9055,29224,271,562,
18689,22867,10835,7607,19909,14776,
18692,25775,3440,10293,1332,29841,
18696,2734,654,14420,35960,6712,
18705,18187,13061,32560,14496,12324,
18736,474,1057,5869,6820,6821,
18744,27817,
18758,22312,221,5923,25359,25834,
18759,1589,4292,6277,6987,7104,
18761,2940,2951,3755,4342,4597,
18776,15276,23510,12786,7812,9925,
18785,20545,6009,11066,7010,17378,
18788,3847,4823,6675,13032,13365,
18796,1188,9114,8767,30148,18374,
18800,15517,25723,26501,992,1504,
18817,437,1139,5005,5900,6773,
18831,6818,14253,19493,20276,33145,
18847,7702,11027,35087,35165,35367,
18850,40,26374,3847,4362,4823,
18878,1832,4419,8035,8292,10841,
18881,2439,24308,27409,11019,27524,
18884,562,844,8454,14818,17119,
18892,11653,21328,17261,34994,23250,
18901,21665,31310,11137,24143,4012,
18916,22990,33979,5083,11766,19638,
18963,7860,31866,7356,15026,10293,
18984,766,19751,261,437,1139,
18987,7923,10257,35635,7213,5698,
19009,2168,35877,24605,16533,38,
19010,17937,221,5923,25359,25834,
19012,16838,24957,15942,24118,15830,
19023,215,2444,6850,7196,11566,
19033,2635,5483,5370,14316,3348,
19066,5971,167,819,1378,2556,
19084,1763,13014,27560,26582,26239,
19101,16027,1539,1799,1949,6137,
19103,7522,19993,20424,20942,25472,
19127,3265,32648,8505,27002,31983,
19168,665,1846,1851,2173,2534,
19172,11073,853,5083,11766,15660,
19182,2136,280,1511,4537,5963,
19185,14420,6891,17590,20546,6712,
19194,13462,21722,2716,32923,22066,
19200,10018,
19240,22905,23563,34449,15877,17667,
19243,6376,8234,14218,19697,23086,
19250,7313,21261,25943,28537,444,
19252,34731,5563,6372,7069,7731,
19259,1299,1373,3407,4699,6981,
19260,1603,2121,3394,5504,8928,
19261,1013,3027,5021,6493,8944,
19262,21224,34854,588,1618,2945,
19271,26685,13868,12162,11220,17882,
19300,1,29,152,549,1046,
19351,35494,28839,14365,30925,34519,
19372,4502,14420,32112,6712,19829,
19429,5309,15460,28358,30896,2333,
19439,1013,2371,3027,5021,6493,
19446,14159,21320,26133,32065,20345,
19467,29,1998,2330,4630,4640,
19475,612,705,1170,2429,2823,
19478,16920,23799,23828,28950,32794,
19493,6818,14253,20276,33145,35386,
19520,23423,
19535,35210,9706,14202,21465,30575,
19581,665,1846,1851,2173,4220,
19588,948,2114,2706,5423,12441,
19611,8145,1365,19898,9055,3833,
19621,40,3847,4362,4823,6642,
19653,10729,24511,9840,11934,10918,
19657,11288,12485,29046,33876,30220,
19659,23465,3068,25534,17144,12564,
19668,1,29,152,1153,1222,
19675,4095,1160,1183,2557,2828,
19682,19898,8145,22037,10858,11443,
19695,133,3807,3865,4177,4502,
19751,1618,1888,2680,2927,4007,
19762,26736,31936,32523,20770,23675,
19778,555,2280,3197,3367,5882,
19811,5392,8652,14739,16273,17508,
19814,10484,18333,22041,1748,4081,
19829,711,14628,654,1313,2483,
19844,27156,14295,14549,2823,17421,
19862,4289,26286,20901,5528,30907,
19870,29676,6414,25735,22324,24041,
19876,1057,5869,6820,6821,9804,
19885,1617,17110,11047,25415,29144,
19892,20536,32741,6981,7783,8512,
19909,7607,10835,18689,22867,7179,
19919,283,11507,948,2706,15578,
19927,1445,1576,3599,5702,7460,
19928,20175,25924,19478,7890,12833,
19931,15548,16320,18405,22723,26569,
19943,133,3807,3865,4177,4502,
19949,7661,21289,25924,10186,1,
19950,11362,11751,14214,25224,32548,
19967,28831,15676,33423,5651,3894,
19988,376,2000,4752,5462,5958,
20040,2493,3653,4663,7495,10807,
20047,4825,7468,10158,11127,17381,
20050,8229,19418,211,334,926,
20062,11019,35449,2439,3683,18881,
20081,17831,21608,27710,32581,1899,
20084,664,23330,28968,20493,26596,
20086,32570,
20094,167,819,1378,2346,2556,
20098,10554,21739,22286,191,6265,
20106,14630,11461,13995,2439,124,
20145,35288,7213,20227,109,153,
20151,6561,27117,30588,10337,16920,
20166,727,1234,1629,2176,2434,
20169,124,261,437,543,1139,
20185,25878,31023,2775,32905,5801,
20195,11603,29828,280,2447,4537,
20208,15910,18573,7728,8134,10006,
20215,15037,24002,34622,17274,30594,
20221,280,4537,5963,7509,14469,
20227,3538,3735,8189,11643,14457,
20254,261,437,543,1139,1197,
20277,1956,2668,4284,10836,25995,
20281,25101,22241,29035,3349,21606,
20294,13829,28387,35853,20973,775,
20299,284,458,466,504,574,
20313,11009,
20344,28395,7457,12904,17169,11438,
20345,133,3807,3865,4177,4502,
20346,28626,21862,15261,16372,2917,
20355,511,31331,9982,17486,32759,
20356,1832,4419,8292,10841,11621,
20389,25862,3073,3291,4180,7272,
20400,854,4308,10862,14397,16811,
20424,7522,19993,20942,19103,29148,
20428,1832,4419,8035,8162,8292,
20430,27957,2500,5178,5302,9146,
20433,2959,14538,22033,27112,5486,
20446,1947,29224,35574,7076,1895,
20464,32133,19846,12321,7117,12205,
20469,2610,1299,1373,3407,4699,
20473,4939,11031,13564,27702,31160,
20493,73,190,1105,5460,7002,
20507,29064,2603,261,1139,4342,
20515,8512,25685,31438,7686,20536,
20517,12501,22862,33878,15715,17301,
20531,2628,3788,6142,35927,740,
20533,23952,2642,4048,7620,12480,
20536,427,1299,1373,2142,2219,
20543,2113,2508,3490,19562,25392,
20545,81,373,1169,1264,1555,
20546,14926,15124,19372,654,14420,
20561,167,819,1378,2556,3103,
20579,846,4226,9059,10622,21331,
20586,18187,1960,7934,8322,10898,
20649,17854,29512,406,26224,27409,
20680,1916,4697,4755,6193,9435,
20684,19829,711,24899,6009,7010,
20688,11686,12249,14846,17862,23169,
20689,35950,32703,26583,4005,18083,
20700,35503,27307,8674,16933,17473,
20713,1947,4193,29189,34559,22744,
20747,30102,3108,11458,32804,12726,
20752,81,1169,1743,2487,2541,
20760,3197,40,555,2280,3847,
20770,19762,26736,31936,33303,32523,
20775,1934,4209,5254,5783,6141,
20779,4918,11268,11965,12146,12287,
20792,2313,7031,7399,8890,10197,
20798,1568,21836,32676,4086,4655,
20817,665,1846,1851,2173,2534,
20818,3068,25534,28063,1004,12931,
20824,31762,26936,11993,15906,12953,
20849,35960,29693,1057,5869,6820,
20851,31483,12320,23911,6117,23074,
20857,1738,2124,2500,3031,3433,
20860,214,1401,3905,5250,9711,
20866,34650,2313,4016,4123,7031,
20877,35494,9702,27412,10960,19653,
20896,27137,28684,5137,29047,32570,
20901,29974,25982,18524,7679,11753,
20902,7506,8820,13625,13895,9177,
20921,16053,18513,6155,35208,20531,
20929,35121,21739,22905,30807,4354,
20937,29433,13330,34571,11557,7956,
20955,8005,10210,4665,5480,6686,
20958,25711,27816,17111,10688,19467,
20967,33432,
20973,1,29,152,191,221,
21006,948,2114,2706,5423,15386,
21015,15037,20215,24002,34622,17274,
21022,280,4537,4633,5963,7509,
21023,2690,8035,8162,9105,15312,
21037,19829,31460,15312,33304,418,
21047,3847,4823,10001,13365,16168,
21072,4551,5423,8360,10549,12566,
21074,1727,1769,9630,12833,35620,
21082,17771,1353,17246,12375,30204,
21109,153,1682,1839,3463,4011,
21119,4145,4197,7764,9867,12487,
21126,302,429,1947,4871,6984,
21143,12375,1183,2828,3460,5422,
21149,16616,35404,2500,9146,20172,
21150,12099,13717,14462,20677,26063,
21168,12370,16504,23269,24136,25237,
21177,5801,25433,27883,34164,31023,
21182,30084,299,20460,26843,6933,
21196,8132,12503,15320,15816,16760,
21224,1618,1888,2680,2927,4007,
21230,32597,6511,6127,827,6767,
21238,8512,25685,31438,7686,20536,
21240,17246,1353,5370,31490,31455,
21261,11081,6455,18210,20037,21042,
21264,2904,33877,30961,7453,23869,
21267,2313,7031,7399,8890,10197,
21274,10080,16335,7950,21217,25443,
21278,29035,12375,25101,22241,23884,
21286,27816,27817,
21320,133,3807,3865,4177,4502,
21347,1057,5869,6820,6821,9804,
21358,6686,9606,11998,13493,17698,
21364,1759,2513,3824,8151,8669,
21370,18572,24512,6372,7069,7731,
21384,20108,9330,30572,
21402,33015,35435,81,336,1169,
21411,4918,11965,12887,17852,22829,
21421,16817,17321,415,2870,26218,
21422,660,2739,5228,6239,10562,
21430,28182,17801,10042,20446,8050,
21456,8623,20098,30411,191,1486,
21495,12245,26806,11910,23485,7051,
21519,31968,4847,32112,10161,34107,
21530,17492,20689,6394,15711,11446,
21540,3406,7341,8568,10874,11617,
21549,1548,23415,25497,28705,855,
21604,4112,18788,12903,20446,
21605,9387,17368,1035,32980,32609,
21608,17831,20081,27710,32581,1899,
21610,665,1846,1851,2173,2534,
21616,16118,21984,5801,21177,25433,
21627,4158,13392,29274,34113,34659,
21629,13599,13644,2815,4789,12335,
21630,2642,4048,7620,12480,13617,
21646,19553,3982,15049,17645,10623,
21673,9883,25549,15360,8050,32597,
21674,7680,22596,24562,27326,35677,
21685,35474,19429,31959,14085,
21692,845,4234,5505,6279,7073,
21703,8135,2577,35208,1,29,
21706,992,1504,12908,19211,20755,
21708,1668,6163,13902,30193,7946,
21715,3768,4188,6687,7572,8160,
21718,1050,8518,9729,10111,11080,
21722,17301,6764,31934,26075,
21728,15723,5670,34146,7035,2635,
21730,124,261,437,543,766,
21739,4529,8623,20098,30411,191,
21740,1603,2121,3394,8358,8928,
21744,33665,38,23645,12514,735,
21747,15910,20208,19479,14995,31807,
21754,73,190,430,1105,5460,
21755,7858,15643,16589,17555,13393,
21760,151,7707,19578,21350,31694,
21778,26963,5462,5958,6958,10734,
21785,2163,11719,15677,20594,23631,
21790,6588,16616,35404,2500,5302,
21798,9961,2500,5302,9146,12048,
21801,6642,
21810,17590,11066,8512,25685,4605,
21863,1832,4419,8035,8292,10841,
21871,5592,8613,14525,18762,26452,
21883,9444,28914,32557,4367,5675,
21884,492,10579,34849,
21891,215,2444,6850,7196,11566,
21908,22740,261,8566,26461,21863,
21939,10158,17381,25616,30143,21289,
21952,1832,4419,8035,8292,10841,
21956,6136,10180,28702,19009,25122,
21961,21240,25054,302,429,695,
21974,4283,6555,6353,20870,26091,
21988,7451,11519,13432,19690,36028,
22028,334,10536,13622,20065,24680,
22037,14411,133,18266,15199,32065,
22043,4158,5114,8816,13392,14439,
22056,5651,15676,33423,19810,6127,
22064,3753,3847,4823,4930,7090,
22066,261,437,543,1139,1197,
22075,17844,29574,32598,2772,20055,
22089,9055,24104,29224,26540,22279,
22090,20062,2124,3031,3411,3433,
22222,21443,31096,
22229,9293,10862,14397,16811,18603,
22234,11362,14214,25224,29143,32548,
22241,29035,25101,30558,20281,7412,
22253,1759,2513,3824,5991,8151,
22256,427,1299,1373,2142,3407,
22267,2834,6195,21217,22761,23614,
22286,21739,30807,20098,10554,4354,
22299,10410,13321,14394,16923,17797,
22312,221,33726,28488,1486,24284,
22324,4755,6193,9435,11603,13565,
22368,24760,13014,30652,26330,1763,
22376,28489,22565,3394,16870,30,
22393,5309,7736,14519,15460,21297,
22400,26443,23794,6066,7522,19993,
22404,20062,22090,146,16235,18116,
22422,1844,2191,14845,15258,17812,
22423,15723,1460,5700,6985,8470,
22434,9537,2816,24001,7424,73,
22455,35960,18880,32771,4825,19491,
22457,27298,3243,4948,8358,9401,
22464,10948,25016,28020,29621,3768,
22468,33025,1,29,152,549,
22471,21320,14411,18266,32065,26133,
22475,1618,2927,4231,8495,10132,
22499,853,2828,3460,5083,5422,
22502,12167,473,1264,3120,3174,
22519,2552,31900,33425,19172,28373,
22532,613,2224,4145,4197,5288,
22565,22376,27298,3394,28489,8514,
22594,1234,17470,23521,24557,25941,
22607,4305,
22619,612,705,1170,2429,2823,
22625,4108,4424,4494,6269,13657,
22628,19778,2280,3452,5882,32692,
22643,1603,2121,8358,8928,9401,
22675,4825,7468,19491,35960,22455,
22685,81,1169,1743,2487,2541,
22729,31520,2182,3410,19174,25239,
22740,711,1832,4419,8035,8162,
22742,906,1960,3128,5375,7934,
22744,29224,713,26322,7076,29189,
22759,3799,4497,5870,7205,10314,
22791,2239,4304,31647,34768,25672,
22793,3833,4741,12571,14315,34235,
22796,660,2739,12753,18052,5228,
22799,1355,2109,3620,7051,8969,
22811,5923,25359,25834,35853,29884,
22848,1411,2182,3410,10390,11039,
22852,20525,9804,23448,23655,14254,
22856,22742,31647,34768,18187,1182,
22859,17901,18083,20901,22499,23215,
22862,12501,20517,22324,33878,15715,
22869,1918,3606,16272,33007,34859,
22882,588,2945,3277,13458,14349,
22884,2388,3570,5404,7039,12028,
22900,15799,7898,20955,27392,2574,
22905,4529,8623,20098,30411,191,
22926,17381,25616,10158,11127,25653,
22927,302,429,5560,6984,8576,
22938,16372,15261,15617,18237,4236,
22953,21540,831,3406,4624,5399,
22969,1810,3799,4445,10314,21021,
22981,153,173,1682,1839,2271,
22994,12875,31617,173,2271,12268,
23021,261,437,1139,1197,2254,
23034,10458,7700,22919,23997,30813,
23087,1624,5004,7207,11863,11940,
23100,24041,2609,1292,12587,6168,
23142,6038,7451,10077,11519,13432,
23164,2458,21754,27926,73,190,
23193,12469,
23206,18962,33473,28626,24500,20346,
23215,6009,7010,13061,16323,2557,
23245,24706,16225,26049,20037,21042,
23250,302,429,1947,4871,6984,
23293,6888,6958,11713,21157,23633,
23310,27839,21422,21692,14592,660,
23311,153,3463,4011,5690,6263,
23330,1299,1373,1603,2121,3407,
23390,31968,19695,21320,133,4847,
23394,16157,4280,30139,15381,26049,
23395,4918,11268,11965,12146,12287,
23415,29840,1359,8869,10317,16965,
23423,17879,4461,34044,19439,21398,
23426,474,1057,2439,2677,3892,
23444,34303,13043,2313,5309,5846,
23465,8969,9265,17144,12564,10805,
23485,284,458,466,504,574,
23486,29189,2239,2493,3653,4304,
23504,4681,6959,7684,14909,16174,
23510,261,1139,1197,2254,2616,
23520,7991,28388,32965,2198,3496,
23533,19562,35494,10150,4425,1182,
23555,2676,12421,17103,12255,22799,
23560,21488,4228,15991,16129,30851,
23563,34449,19240,17667,31979,33653,
23574,17796,4831,711,1415,1428,
23583,1115,1927,11543,14413,15133,
23588,22455,825,1091,1974,2425,
23598,14515,16004,12191,22884,12042,
23614,2834,6195,1359,2133,3073,
23629,695,2026,2113,2508,3490,
23632,2001,6253,33862,11866,24434,
23638,2820,34559,13461,33792,11734,
23645,21744,34899,38,355,1445,
23647,6009,5852,12042,11631,13326,
23650,35935,17086,665,765,1763,
23675,2109,32853,3620,7051,21495,
23678,34449,31979,17937,34060,23563,
23686,16593,
23707,2224,4145,4197,7764,9867,
23735,20410,5404,12028,19054,18212,
23794,1013,3027,5021,6493,8944,
23798,10150,21422,27839,21601,2439,
23801,15685,1933,5197,14458,17205,
23804,3065,3837,4339,4845,6577,
23824,14703,6095,12714,34489,20377,
23829,13013,6832,6138,31934,32570,
23839,7179,32920,16422,6258,1748,
23858,14628,31901,3406,7341,8568,
23865,31653,34572,34311,7848,11320,
23869,2904,16825,27668,33877,31,
23884,18071,845,4234,5505,22795,
23892,30353,35080,35794,27817,
23895,376,3484,4879,5004,5462,
23896,2532,25147,19949,6808,18788,
23897,35202,7747,30480,10541,27094,
23913,3420,555,10562,22070,31184,
23915,20469,15987,28904,5291,27817,
23942,4425,15323,15678,16560,27177,
23945,1183,2828,3460,5422,5615,
23952,25943,28537,2642,4048,7620,
23962,26463,7199,10001,13686,18021,
23966,33615,32598,27551,1,29,
23977,334,1951,3755,4342,4597,
23978,8252,14968,1169,1266,1353,
23989,4888,6838,10810,19981,25778,
24001,109,2232,3937,4147,7442,
24002,15037,34622,30594,7898,33647,
24025,665,765,1763,1846,1851,
24041,17381,21331,25616,26395,395,
24049,3792,13230,20212,25191,12431,
24082,3366,8938,9213,12770,15835,
24085,1,29,152,468,549,
24104,9055,29224,26540,13801,29098,
24111,35494,10960,331,23533,376,
24118,16838,24957,2114,2706,5423,
24143,1810,3799,4445,7205,10314,
24164,25290,3027,5021,6493,12059,
24167,2902,8132,12503,15320,15816,
24174,22744,23257,6560,27200,171,
24183,10944,13087,2656,4438,32673,
24212,7010,6009,373,9254,16323,
24220,741,4350,27332,32365,32809,
24233,9477,17141,22055,8971,18761,
24234,24041,33452,31934,13013,10918,
24248,665,1846,1851,2173,2534,
24259,31023,25878,20185,32905,2775,
24277,18776,23510,25862,20106,11497,
24284,1,29,152,191,221,
24295,3084,18493,25454,33735,2776,
24337,1,29,152,1153,1222,
24356,35312,2092,8783,9898,23363,
24362,8743,12619,15360,7103,
24406,5125,9090,21999,25268,26811,
24434,5563,6372,7069,7731,12764,
24440,22862,7911,8796,25917,16304,
24465,28909,27983,17128,15877,17796,
24477,31267,13620,985,4081,4121,
24481,35449,23510,261,8566,30314,
24488,20446,
24490,5081,6228,19871,33264,4655,
24500,27160,6623,15261,16372,18237,
24509,33452,10217,29595,8811,35750,
24511,8232,20098,10235,17378,13061,
24516,4108,4424,4494,6269,18398,
24545,14630,23563,16716,17667,21037,
24560,12320,20851,23911,27674,4,
24572,21908,766,28488,24760,33653,
24605,1603,2026,2113,2121,3490,
24613,18575,5680,12258,34007,33915,
24629,2500,5081,5302,6067,6228,
24668,25106,24511,2623,7275,5598,
24672,25058,191,1486,6265,8623,
24713,9193,18643,22953,2401,10042,
24726,415,21230,
24739,1102,1160,8882,9358,9983,
24750,2447,5384,6342,9533,14361,
24760,12716,26769,22905,21739,15820,
24766,32717,20670,15085,28904,13376,
24779,5804,3538,3735,8189,14457,
24787,18987,23962,18705,13801,3292,
24809,20432,31275,26872,17368,6623,
24818,741,4350,27332,32365,32809,
24831,11100,11928,418,5351,11743,
24870,16015,14604,109,2232,2815,
24897,18736,32532,474,1057,5869,
24899,711,30812,654,831,1313,
24914,6295,9911,1964,6292,8696,
24940,21052,34146,5285,35926,15723,
24947,2124,3031,3433,3915,7181,
24956,1807,13003,13997,15114,15116,
24961,29317,32664,12965,1950,7292,
24967,17905,7784,34592,
24987,8145,1365,12645,19898,16476,
24991,35087,17535,32214,10495,588,
25007,3127,6915,7598,10162,10794,
25024,1,29,152,549,1046,
25054,6624,3632,22927,21240,1884,
25058,34060,775,27751,30411,13829,
25071,845,4234,5505,22795,29229,
25085,34132,588,1357,3277,11844,
25101,29035,22241,30558,845,4234,
25102,3847,4823,13365,16168,26138,
25106,6038,7451,10077,11519,13432,
25122,6136,10180,21956,28702,9490,
25147,19562,23896,612,705,1170,
25225,26252,1336,5218,28746,12860,
25236,28669,
25247,19643,22382,25518,9679,26936,
25250,17349,26075,20866,6511,29158,
25251,9797,34509,30220,20684,6168,
25265,511,31331,6456,13497,9982,
25277,5110,
25288,7906,
25325,1,29,152,1153,1222,
25357,2783,
25358,191,1486,6265,8623,13419,
25359,1,29,152,191,221,
25361,14628,654,1313,2483,2733,
25373,11379,4105,12953,22342,33060,
25399,846,4226,4825,7468,9059,
25404,21908,344,31378,24572,33653,
25424,13498,17714,1292,6168,2461,
25426,29098,26540,29224,29189,1947,
25443,11803,12551,22194,23466,27302,
25448,2776,3384,15060,15834,18493,
25465,20857,28914,13848,28870,25658,
25472,985,13586,20164,21279,25249,
25486,1392,12840,26411,35202,6360,
25497,1548,21549,28705,23415,32169,
25514,27524,28553,1456,27619,10808,
25521,21217,25443,1160,24331,27444,
25549,8050,3367,18033,9082,32597,
25550,33792,1160,3457,11519,13432,
25573,3894,6213,13188,28952,29130,
25590,562,844,8454,14818,17119,
25599,9293,10862,14397,16811,18603,
25606,33711,3673,
25608,664,1603,2121,3394,8358,
25636,3243,10349,34867,30777,81,
25656,32965,22504,25733,31319,35179,
25658,21368,25465,26263,30056,4316,
25684,11968,11122,18273,24233,11660,
25685,1299,1373,2142,3407,4605,
25694,9559,15819,16725,32959,33303,
25735,3366,3496,8938,9213,15835,
25779,5361,7652,10089,13207,14231,
25817,3127,6915,7598,10162,10794,
25834,1,29,152,191,221,
25845,31760,32960,7985,
25856,1738,2124,3031,3433,3915,
25878,20185,2775,31023,32905,5801,
25896,16129,21488,29322,30851,31511,
25906,1057,5869,6820,6821,9804,
25917,16920,23799,23828,28950,32794,
25937,27567,17056,19200,32609,10133,
25948,3016,6909,21355,30890,35886,
25950,30494,7221,20344,22468,9054,
25964,4529,8623,20098,30411,191,
25982,474,1057,2439,2677,3892,
25999,612,705,1170,2429,2823,
26000,27811,14850,15258,11547,8488,
26006,280,4537,4633,5963,7509,
26028,28379,4741,12571,34235,31983,
26049,15381,24706,19992,17771,23245,
26051,10898,1934,5254,5783,6172,
26061,853,5083,11766,15660,19638,
26062,1406,3698,34583,17084,21053,
26075,8920,35045,5429,11940,21928,
26133,133,3807,3865,4177,4502,
26189,6496,20815,33449,31297,20428,
26209,1313,2483,2733,2841,3672,
26218,11411,21421,13376,3943,12619,
26221,20723,29210,7103,11009,1425,
26224,336,1555,1796,3344,3348,
26239,11803,12551,14133,14295,15440,
26252,14385,4460,18391,28091,4715,
26253,81,948,1169,1743,1796,
26263,8005,9878,10210,10451,22807,
26282,4103,11934,17586,20151,23858,
26286,1,29,152,468,549,
26287,10042,
26322,34195,18053,9390,27662,13540,
26325,4108,4424,18966,23645,26857,
26330,1832,4419,8035,8292,10841,
26352,26461,21863,4930,7090,7990,
26374,10893,18984,21606,34385,27042,
26414,28221,10318,33700,20955,
26452,4908,31899,2191,1844,17812,
26461,1832,4419,8035,8292,10841,
26463,7199,4823,10001,13365,16168,
26472,13730,30262,27326,28705,9055,
26491,1,29,152,549,1153,
26512,1,29,152,549,1153,
26520,6292,8696,14718,25689,1964,
26540,25426,654,2734,29098,29189,
26552,16053,25943,8901,18513,20921,
26566,612,705,1170,2429,2823,
26592,6625,25477,28611,30426,16942,
26596,8358,9401,11897,16616,28858,
26599,28573,
26608,32433,
26621,167,2556,3103,3151,3170,
26630,1,29,152,1153,1222,
26632,5563,6372,7069,7731,12764,
26643,33726,221,22312,28488,18275,
26666,15385,35855,28221,12370,10224,
26675,14218,19243,19697,23086,6376,
26712,1407,1748,3035,5824,6258,
26744,7626,18169,21558,22990,33979,
26769,1,29,152,468,549,
26786,17831,20081,21608,27710,32581,
26808,14420,6727,13236,6712,654,
26843,20460,30084,3857,10823,21182,
26865,32735,10292,9265,35504,31390,
26872,35176,17801,23245,22368,26049,
26893,8505,17128,34041,2120,36097,
26902,30239,4667,33653,4502,341,
26903,323,8312,17584,20900,24064,
26927,18082,35539,34086,7311,26936,
26936,23736,35053,8514,11879,18751,
26963,376,1182,1817,2000,3484,
26974,4,14,18,509,570,
26977,1832,4419,8035,8292,10841,
26986,25588,32599,3996,11983,22589,
26996,1603,2121,8358,8928,9401,
27002,290,2451,2634,3265,5700,
27004,2388,3570,5404,7039,12028,
27010,18420,23415,9413,
27039,474,1057,2439,2677,3892,
27045,16015,31496,36106,10384,21568,
27073,35031,
27083,29129,3638,6181,7095,23321,
27094,33653,23563,32313,8232,8944,
27112,14538,22033,2959,9152,20433,
27114,8145,1810,3799,4445,10314,
27116,1817,15723,376,1406,2000,
27122,32649,1197,2254,2616,4579,
27125,2182,3410,7462,10390,11039,
27137,12321,3996,11983,10390,11039,
27156,906,1960,3128,5375,7934,
27160,15261,16372,22938,12364,15617,
27184,25732,6572,29035,7010,32598,
27200,34210,31063,5935,23486,24183,
27222,2018,6591,8970,10506,16590,
27246,6356,19862,1028,20593,22502,
27267,34268,26480,124,16452,6067,
27269,1,29,152,191,221,
27293,10561,24760,1,29,152,
27296,32288,13767,18333,21744,22883,
27298,36139,22565,22457,13084,23962,
27307,16933,13657,613,2224,7764,
27314,418,1871,3095,5351,11100,
27316,31305,24356,3187,9808,13723,
27338,6013,25369,3617,4948,8360,
27339,31378,10161,34107,4847,31968,
27357,20356,957,1430,7790,17801,
27392,1738,1253,2124,3031,3433,
27403,9635,24984,35188,3753,9210,
27404,2567,976,7489,30165,24488,
27409,1603,2121,3394,8358,8928,
27412,4973,24587,13681,8811,20877,
27444,1160,16816,24331,33532,17184,
27453,153,1682,3463,4011,5690,
27487,8512,25685,7686,30905,31438,
27496,727,1234,1629,2434,2610,
27499,1548,4930,7090,7990,9667,
27524,24308,35449,23457,18944,13995,
27526,10390,11940,13907,15261,16708,
27534,906,1359,1960,2133,3128,
27551,32598,10944,24183,13087,5360,
27590,5592,8613,14525,18762,26911,
27603,3337,9878,10451,13653,22807,
27619,6927,6376,8234,14218,19243,
27646,7736,21398,6095,12714,34489,
27648,1359,2133,18169,21558,22857,
27662,31146,26218,12459,11278,2867,
27674,12320,23911,15671,20851,18237,
27677,22883,1250,1669,2018,6591,
27714,18761,21935,13061,17086,3917,
27719,19640,11749,314,17882,4723,
27743,1,29,152,549,1153,
27751,1,29,152,191,221,
27778,21342,31697,16317,33606,15644,
27806,4112,
27811,26000,
27816,22922,9290,35131,8971,34796,
27817,32055,2032,20747,18744,23257,
27824,22655,2133,10158,17381,18169,
27839,660,2739,5228,6239,10562,
27853,1,29,152,549,1046,
27881,4623,24706,31490,5370,11382,
27883,25433,34553,36139,21177,21430,
27888,11663,21627,22043,727,1234,
27891,6380,
27909,34044,5114,20937,18076,35235,
27926,21754,73,190,430,1105,
27948,5416,13761,8050,20877,2867,
27953,1299,1373,3407,4699,11081,
27957,21822,23147,31975,1879,20016,
27961,33778,15965,10171,7412,33398,
27983,4419,10841,11621,12716,13249,
28017,2779,26411,12039,27806,4599,
28037,17377,9370,33455,23206,2347,
28050,5101,19943,20345,32065,14159,
28063,3068,20818,25534,30607,16283,
28130,35503,373,1264,3671,4108,
28138,14630,30954,17814,11936,2500,
28142,153,261,3463,4011,5516,
28146,15648,10384,7686,30905,31438,
28147,7179,5296,609,12928,24914,
28159,4755,5105,8720,9970,11299,
28160,6621,10666,16771,22085,284,
28166,73,5460,7641,8844,10279,
28182,1618,2124,3031,3433,3915,
28258,418,1871,5351,11100,11743,
28259,437,1139,5005,5900,6773,
28266,2807,3225,8034,16766,18004,
28272,4968,18539,4012,29841,7790,
28312,1,29,152,191,221,
28319,11727,34044,
28331,3538,3735,8189,11643,14457,
28333,1879,20016,23147,31975,36054,
28335,30467,14241,34592,14238,16226,
28337,317,5038,9667,14585,34605,
28370,8005,10210,11047,10293,20955,
28373,10080,15946,7505,22234,28499,
28387,1,29,152,191,221,
28395,665,1846,1851,2173,2534,
28412,14238,
28437,13475,2310,3365,8843,15371,
28448,13318,23618,28702,26712,20145,
28450,30020,2945,3344,3465,6387,
28463,2182,3410,7462,10390,11039,
28483,33303,
28488,221,20973,24284,27269,13829,
28499,9774,1027,23167,28373,17553,
28541,167,819,1378,1589,2556,
28553,474,1057,2439,3892,5869,
28600,81,1169,1743,2487,2541,
28612,1603,2121,8358,8928,9401,
28621,26853,24825,34404,1411,35522,
28626,4549,6881,12239,12572,30220,
28657,4959,21209,23821,24831,27190,
28669,9825,14241,22976,1346,4850,
28673,133,4847,10996,14411,18266,
28684,20896,27137,29047,6767,
28686,1810,4445,10314,21021,3799,
28688,29158,
28698,1241,9157,14682,13961,1355,
28699,2224,4145,4197,7764,9867,
28700,8514,23736,11879,18751,19003,
28702,6136,10180,21956,12503,15320,
28705,855,1548,21549,23415,25497,
28709,1770,13375,2451,12139,15671,
28746,34195,18053,26322,30545,9390,
28761,2182,3410,10390,11039,13907,
28786,1699,1730,4897,6353,15958,
28791,11009,35323,34565,11865,7898,
28831,6213,6320,6968,13188,15286,
28839,4081,4875,12223,12317,13485,
28871,5680,12258,34007,33915,3103,
28901,32523,124,261,437,543,
28902,26882,15963,3790,5597,14014,
28904,2029,2807,3225,7203,8034,
28909,13249,15713,18878,20870,21291,
28914,4884,23563,33653,19240,14436,
28920,2176,7956,11557,22043,29433,
28925,1511,2136,5004,6455,7207,
28926,13249,15312,15713,18878,21291,
28938,546,3983,6727,11137,35152,
28952,16920,19478,23799,23828,28950,
28968,24760,33653,12292,31460,21739,
28985,7646,18788,14428,
29015,19828,2578,5534,35469,
29029,261,437,543,1139,1197,
29033,495,2436,5093,9227,10245,
29035,25101,22241,30558,5505,22795,
29043,3344,3465,6387,8398,10539,
29046,6095,12714,34489,13713,4752,
29047,1603,2121,4665,5480,6686,
29058,2224,4145,4197,7764,9867,
29064,32600,261,437,1139,1197,
29079,13795,5252,21398,33969,7851,
29086,29976,7213,22455,9052,32646,
29096,7322,13188,29130,13712,6150,
29098,7076,29224,24104,1947,13801,
29108,4989,9477,17141,22055,10453,
29143,11362,11751,14214,25224,32548,
29148,7522,19993,20942,5700,6985,
29158,11004,34565,2774,12564,8050,
29163,17370,2342,23563,14447,16716,
29189,1947,29224,25426,22744,1895,
29204,1115,11543,1313,2483,2733,
29209,3847,35909,4362,4823,6675,
29210,20723,7661,19949,26221,17747,
29224,7076,1947,22744,4193,1895,
29246,612,705,1170,2429,2823,
29263,21778,22950,376,3484,4752,
29291,376,1182,1817,2000,3484,
29313,1313,2483,2733,2841,3672,
29317,24961,32664,12965,1950,7292,
29319,31115,23915,11065,17831,20081,
29321,1050,8518,9729,10111,11080,
29349,418,1964,2500,5302,5351,
29425,2224,4145,4197,7764,9867,
29432,4145,4197,7764,9867,12487,
29433,1603,2121,3394,8358,8928,
29440,31455,19418,17771,22819,1183,
29463,4072,12021,14477,33377,4863,
29507,167,819,1378,2556,3103,
29509,16548,20185,25878,2775,31023,
29512,18333,27296,7726,17615,33670,
29516,5670,21728,35235,14675,15723,
29524,20642,16,9130,12728,22044,
29560,12495,25910,10918,18123,33398,
29574,33344,10960,17586,8796,2326,
29582,2815,4789,27864,31833,35359,
29595,302,8032,21402,23164,24668,
29629,1411,1691,1879,5315,6150,
29639,2025,4741,8358,8928,9401,
29674,30615,7616,31506,30344,11273,
29707,33976,21286,5291,14852,20700,
29723,12335,21257,24879,26313,13250,
29760,25878,20185,4280,27314,31023,
29781,376,1182,1817,2000,3484,
29782,4741,6935,8237,12571,14649,
29807,7062,
29823,612,705,1170,2429,2823,
29841,35045,695,35197,27314,6369,
29845,4004,9148,16244,20066,23429,
29884,1,29,152,191,221,
29889,5923,25359,25834,35853,29884,
29894,1,29,152,191,221,
29896,1832,4419,8035,8292,10841,
29898,1570,5785,32490,27083,24914,
29906,4502,28050,14411,133,18266,
29921,9293,10862,14397,16811,18603,
29931,35051,4005,4328,30471,35235,
29971,4123,13146,14753,15037,20215,
29976,35288,29086,1057,2092,5869,
30002,6277,7104,18759,26790,1589,
30004,73,190,430,1105,5460,
30008,11816,15376,32188,34498,14420,
30013,6493,19339,22169,1013,3027,
30020,4283,6555,15562,721,21974,
30022,4665,5480,6686,9606,11998,
30035,31455,1884,33661,846,4226,
30039,81,1169,1743,2487,2541,
30042,22923,1964,6292,8696,14718,
30052,10744,28929,4862,20332,28601,
30094,34535,323,992,1504,2250,
30102,3108,20747,12726,32804,12996,
30116,665,765,1846,1851,2173,
30121,18666,11432,302,429,1013,
30139,1759,2513,3824,4280,5991,
30148,418,5351,11743,15441,28346,
30188,3807,4177,6944,7568,8352,
30193,1668,13902,6163,21708,9326,
30220,6496,20815,26189,33449,4283,
30230,1183,2828,3284,3460,4470,
30239,25964,855,22037,4529,2684,
30254,16129,21488,30851,31511,15081,
30301,992,1504,12908,19211,20755,
30311,3175,3666,8334,9467,11709,
30329,9080,15314,3191,17553,6972,
30337,22922,19928,20175,1682,1839,
30357,5429,6884,35323,32495,24111,
30388,30907,
30411,1,29,152,191,221,
30416,13713,34413,20446,
30432,9643,29062,4622,21790,3673,
30445,124,261,437,543,766,
30449,11364,4108,4424,18966,23645,
30455,9925,19720,261,437,543,
30463,654,1313,2483,2733,2734,
30471,10423,21303,2756,35051,10623,
30476,4506,27297,3983,19478,25911,
30480,25599,11603,2642,4537,5601,
30482,5101,4502,32112,18847,21320,
30494,1,29,152,549,1153,
30514,341,2642,4048,7620,10186,
30521,11411,
30545,15081,2603,31614,20543,30254,
30558,25101,29035,22241,33938,20281,
30572,34206,2628,11362,11751,14214,
30591,1,29,152,191,221,
30594,15037,20215,21015,24002,34622,
30600,19372,14420,19829,6712,3894,
30648,34565,7179,28914,34089,23839,
30667,1183,2557,2828,3284,3460,
30690,81,1169,1266,1353,1488,
30691,4280,30139,5483,16157,33726,
30713,7416,8062,2704,14778,26178,
30726,81,1169,1353,1555,1743,
30742,302,429,6984,8576,13987,
30760,21663,9712,27599,32306,28781,
30762,173,2271,5960,12268,14840,
30777,3243,34867,10349,889,6890,
30807,22286,10554,21739,22905,20098,
30812,215,2444,6850,7196,11566,
30840,19893,10025,9413,13492,
30872,4177,4502,14159,14411,19372,
30896,5309,15460,28358,14397,21099,
30905,7686,31438,25685,20536,34593,
30907,21773,7282,28863,28159,9265,
30925,6380,14365,14534,33544,34519,
30928,27944,81,1169,1743,2487,
30943,10384,1182,27487,2557,30667,
30946,29412,81,1169,1299,1373,
30961,2904,33877,25769,7453,21264,
30964,4005,29931,30471,35051,10652,
30968,133,4847,10996,18266,19695,
30998,29224,7076,1947,23667,29189,
31023,2775,20185,25878,27883,34164,
31027,10161,34107,133,4847,10996,
31063,7986,21319,84,13542,15353,
31068,7706,
31094,1234,11686,12249,14846,17470,
31096,13429,34824,4561,7180,10679,
31157,14420,25817,17590,6712,34498,
31160,11031,13564,30819,33326,23896,
31180,30547,31275,13492,
31246,3698,5269,34571,34583,1406,
31267,562,844,985,1142,2030,
31275,15444,3923,5392,8652,14739,
31279,11009,
31291,12078,562,19359,21299,25590,
31297,6332,6496,20815,26189,33449,
31304,444,5019,6132,13068,13694,
31305,2092,5645,6230,8783,9898,
31307,28626,29368,34095,35208,10889,
31310,21665,16619,18901,1372,8150,
31311,2148,2623,2485,30455,8811,
31327,834,13301,21883,10579,28914,
31332,28673,17963,9250,14397,17184,
31358,215,1807,2444,13997,19054,
31378,33421,2927,9254,11066,19185,
31387,14939,4516,
31390,588,2945,3277,10094,13458,
31396,9667,6038,33792,4755,4930,
31408,10562,18052,660,2739,22070,
31411,28333,34404,1879,5315,17751,
31455,2026,2113,2508,3490,3925,
31460,7686,30905,31438,8512,25685,
31465,613,2224,4145,4197,5288,
31480,2335,3492,5131,6648,9943,
31490,81,1169,1555,1743,1796,
31496,654,1313,2483,2733,2734,
31511,16129,21488,30851,29322,30254,
31520,22729,
31532,846,4226,9059,10622,20579,
31534,427,1299,1373,2142,2219,
31538,2796,3403,3953,4385,5125,
31555,6838,10810,19981,25778,84,
31582,9071,18483,609,5870,12036,
31598,30445,2807,3225,16766,34228,
31613,28914,14436,6905,2774,4884,
31614,11047,3247,32032,28370,17110,
31617,727,1234,1629,2434,2610,
31620,15257,32728,29521,8353,22241,
31625,2815,4789,6625,25477,27864,
31636,28159,5224,12860,4103,13648,
31644,18098,302,429,6984,8032,
31648,9624,18858,1139,1197,2254,
31653,23865,34572,34311,8610,29046,
31674,7686,31438,25685,20536,34593,
31694,11720,28258,13887,151,2264,
31710,7282,31959,22799,18672,17946,
31712,376,1182,1817,2000,3484,
31730,3694,14405,16947,18193,24895,
31741,8,95,1822,2089,2187,
31745,376,1359,2133,3484,4752,
31758,25588,32599,11350,19099,3640,
31762,20824,26936,15906,11993,12953,
31788,1,29,152,468,549,
31807,9630,17086,13061,35288,21956,
31811,3163,3944,21442,26627,32420,
31832,25224,29143,11362,11751,14214,
31849,562,844,8454,14818,17119,
31853,1589,4292,6277,6987,7104,
31878,12320,20851,23911,27674,28968,
31917,30823,15856,18831,35462,177,
31925,15081,27015,30426,5560,6625,
31932,1359,2133,4755,6193,9435,
31934,7522,9643,19993,20424,20942,
31942,28626,521,23858,29096,18962,
31956,7652,13207,17503,26488,30930,
31959,3788,4755,6142,6193,9435,
31977,5109,7702,11027,18847,35087,
31979,33752,18304,21739,34060,20929,
31983,7851,22400,29079,6628,7353,
31991,2397,11856,13223,16344,30035,
32010,22241,32112,25101,8353,29035,
32026,6767,13492,15948,17301,20877,
32032,2182,3410,10390,11039,13907,
32055,21714,27817,31305,4281,29291,
32065,133,3807,3865,4177,4502,
32075,926,2883,17522,18296,11314,
32112,31968,4847,10161,34107,20345,
32148,15420,1313,2483,2733,2841,
32152,2776,3084,3384,15060,15834,
32164,1851,2173,2534,2929,6232,
32169,4158,13392,29274,1548,3411,
32172,1603,2121,8358,8928,9401,
32180,19898,8145,1057,10858,11476,
32183,10263,26213,34385,695,18984,
32189,15525,7646,46,28669,35469,
32192,32570,28669,
32207,35435,24085,10767,15451,29043,
32232,28657,13498,11362,11751,14214,
32233,17086,29064,27042,261,8566,
32259,8701,19250,13761,20877,5416,
32269,3671,11726,17688,27272,14026,
32294,3318,13237,15640,19971,21153,
32313,36125,5252,13795,32600,29064,
32317,695,2026,2113,2508,3490,
32334,4948,8360,10549,12566,20899,
32335,5661,12906,16420,22942,34187,
32350,5680,12258,33915,34007,5820,
32378,11461,17571,17667,3265,10103,
32423,1618,2927,4007,4231,8495,
32429,17969,4007,4231,7522,13928,
32433,8733,14674,31390,9956,9650,
32442,3065,3837,4339,4845,6577,
32489,25274,33689,21456,1950,11865,
32495,35045,32920,25290,4461,21398,
32499,1359,2133,18169,21558,22857,
32523,19762,26736,31936,33303,20770,
32532,31745,1359,2133,15678,16560,
32539,19562,11468,31455,17771,1839,
32543,29974,34349,28227,8892,28896,
32550,695,885,2026,2113,2508,
32557,28914,34225,9650,19164,24706,
32560,2828,3460,5422,6184,8532,
32563,5437,13020,25720,27779,33431,
32570,32597,24500,11009,33957,12364,
32578,517,3190,4963,5222,7346,
32591,3406,7341,8568,10874,11617,
32597,8050,21230,6511,5670,4884,
32598,27551,10944,12960,13087,27025,
32609,34164,147,2775,5801,17726,
32624,25521,29047,1241,27909,
32646,167,819,1378,2556,3103,
32648,261,437,543,1139,1197,
32653,8547,16496,18003,20188,27828,
32664,5137,
32676,1568,20798,21836,4086,4655,
32677,29079,31979,17879,6878,17486,
32703,20689,35950,8892,28896,26583,
32715,4517,7663,19140,30431,11927,
32727,948,2114,2706,5423,12441,
32728,15257,31620,29521,8353,1183,
32741,427,1299,1373,2142,2219,
32751,5309,15460,28358,14515,16004,
32771,35960,22455,153,665,1250,
32797,4108,4424,4494,6269,18398,
32804,4842,30102,23668,18116,14782,
32807,133,3807,3865,4177,4502,
32817,3318,13237,15640,19694,19971,
32836,4665,5480,6686,9606,11998,
32853,27409,17056,474,1057,1603,
32866,5101,26133,21320,14159,20345,
32880,613,2224,4145,4197,5288,
32905,20185,25878,31023,2775,4177,
32912,6852,22961,19720,23106,34546,
32923,1664,3677,3884,7032,12029,
32930,9289,33301,21422,27200,27839,
32959,17771,30204,15819,6624,1210,
32967,81,1169,1743,2487,2541,
32980,948,2706,5423,15386,15578,
32991,35386,5195,15644,8985,10802,
32993,33726,221,22312,28488,18275,
33001,32539,31455,17771,5309,14519,
33014,5004,7207,11027,11863,11888,
33015,4623,11382,35710,30690,16533,
33020,21294,28976,4081,4875,12223,
33060,4105,5567,6038,7451,8646,
33095,2235,14523,33726,221,10554,
33112,31160,11031,13564,34598,30819,
33117,1443,3035,3758,5824,11058,
33125,1013,3027,5021,6493,8944,
33160,3847,4823,10001,13365,16168,
33212,28050,31027,27125,14411,133,
33226,2224,4145,4197,7764,9867,
33254,4081,4875,12223,12317,13485,
33256,13653,27603,4723,11865,21728,
33303,15819,26736,27911,31936,32136,
33304,1832,4419,8035,8292,10841,
33315,2350,16299,26847,31217,24895,
33326,15968,35520,
33362,802,1425,35091,
33390,2026,2113,2508,3490,4561,
33398,29098,4193,30165,1895,25426,
33402,6009,35367,7010,16323,16776,
33410,2538,7775,7039,29674,25071,
33421,11066,32112,9254,3807,4177,
33432,5140,13969,16132,18318,26904,
33435,290,5700,6206,6985,8470,
33438,3291,7272,10526,19357,21478,
33452,24234,24041,13013,31934,10918,
33455,9370,28037,2347,957,23206,
33456,31255,13825,16235,22090,14436,
33457,2313,7031,7399,8890,10197,
33473,2730,6044,19797,33438,3440,
33544,14534,8135,14365,30925,34519,
33566,7858,15643,16589,17555,21755,
33571,483,5022,24563,33448,3016,
33606,16104,6373,12730,28160,5510,
33615,1,29,152,549,1153,
33618,13157,29278,214,3457,5250,
33625,6376,8234,14218,19243,19697,
33627,3847,4823,6675,10001,10235,
33640,665,765,1763,1846,1851,
33653,28914,23563,8760,14436,31378,
33654,6989,341,2642,3753,4048,
33660,31387,31096,9283,
33661,695,2026,2113,2508,3490,
33665,38,355,1445,1576,3572,
33670,21238,29098,9055,31460,8512,
33680,35147,5709,25735,15968,6579,
33689,25274,32489,21456,1950,11865,
33700,29015,28221,4281,22994,10318,
33711,8145,1810,3799,4445,12320,
33726,1,29,152,191,221,
33733,261,437,543,1139,1197,
33752,23245,22286,8162,15904,31979,
33769,7607,10835,18689,19909,22867,
33775,30713,16174,32609,30558,16623,
33792,13461,16816,1160,7451,11519,
33794,14420,654,2734,11779,6712,
33813,7241,8990,9066,11277,14952,
33847,1,29,152,468,549,
33849,16716,17370,18173,35657,29163,
33862,2001,30409,24434,6253,23632,
33866,985,13586,20164,25249,283,
33874,16304,
33878,7213,35566,2940,14673,20160,
33923,2842,13394,4023,30823,33915,
33924,13442,21567,22723,26569,31336,
33938,10390,11039,13907,18472,19305,
33945,215,2444,6850,7196,11566,
33969,1013,3027,5021,6493,8944,
33989,14254,1057,5869,6820,6821,
33991,1197,2254,2616,4579,5242,
34004,2026,2113,2508,3490,4561,
34021,9712,32306,30760,10662,4012,
34041,2120,26893,21908,8505,3349,
34044,18304,17879,31979,5486,13394,
34060,25058,3844,13829,22468,28387,
34082,2796,3403,5125,6407,7118,
34086,10983,14454,26587,32412,34510,
34089,4158,13392,29274,34113,707,
34095,29368,35208,853,5083,11766,
34107,133,3807,3865,4177,4502,
34113,4158,13392,29274,34659,21368,
34118,34211,10832,21023,19675,33654,
34146,35926,5285,23804,24940,15723,
34164,7703,28388,25433,27883,34553,
34200,11362,11751,14214,25224,32548,
34206,14358,17953,12815,32026,4310,
34212,34980,25585,3798,4007,19084,
34225,10103,4472,18881,11019,9650,
34242,5004,7207,11863,11940,21928,
34248,2313,7031,7399,8890,10197,
34258,6591,11917,27319,27484,31800,
34268,31046,17353,14305,3349,261,
34277,1,29,152,1153,1222,
34280,628,7179,7607,7718,10835,
34282,1,29,152,1153,1222,
34283,10543,17412,36002,22938,25514,
34303,16267,12039,12420,14057,20467,
34311,13223,2397,16344,11856,12005,
34323,21268,5504,12195,20377,35235,
34341,6598,81,2541,3420,4816,
34375,7522,19103,19993,20316,20424,
34385,40,3847,4362,4823,6642,
34388,13360,27914,30277,18758,33989,
34397,474,1057,5869,6820,6821,
34400,4697,6808,27677,14592,33794,
34404,1832,4419,8035,8162,8292,
34413,4251,13196,20338,2943,1746,
34422,25549,15948,11510,8050,
34429,18022,221,35121,22905,12292,
34449,14523,22905,12292,34060,766,
34460,109,2232,3937,4147,7442,
34477,1378,3103,3781,7113,8560,
34498,14420,11816,3496,15376,26388,
34503,8229,19418,29440,20050,31694,
34509,25251,521,21572,9797,2521,
34519,6380,14365,14534,30925,33544,
34523,21891,33875,34763,14926,22577,
34532,517,3190,4963,5222,7346,
34546,10224,10384,32560,1373,2142,
34559,2820,6066,23638,17615,8606,
34565,30648,13301,11865,34089,8050,
34571,31246,3698,8358,9401,28858,
34592,31002,1617,3452,21052,25415,
34593,9293,10862,14397,16811,17184,
34598,11031,13564,31160,30819,33326,
34608,1359,22857,27208,28444,35781,
34609,21674,
34636,1618,1888,2680,2927,4007,
34650,28669,
34659,4158,5114,8816,13392,14439,
34663,5560,22577,27015,15214,22589,
34684,10391,853,1738,2124,3031,
34731,35842,906,1960,3128,5375,
34744,81,1169,1743,2487,2541,
34763,215,2444,6850,7196,11566,
34778,1406,3698,34583,26062,17084,
34783,11917,27484,1737,13457,11169,
34793,5870,9071,12036,18483,19882,
34796,1618,2927,4231,8495,10132,
34822,25549,28669,11009,
34824,8623,30411,191,1486,3844,
34836,18572,24512,6372,7069,7731,
34849,26902,32557,30239,13376,10579,
34854,21718,15706,1313,5754,9725,
34880,17246,30946,9613,8051,11560,
34892,35165,2628,5109,7702,11027,
34937,11065,35568,32563,14604,30514,
34954,33969,9236,11282,376,1013,
34992,4948,8360,10549,12566,20899,
34994,13223,2807,3225,8034,16766,
35031,27073,
35032,1460,32755,11004,7071,35926,
35045,1013,1089,2371,3027,4461,
35067,14305,32233,215,261,437,
35080,6561,27117,30353,35273,23892,
35082,3847,12764,18572,21557,24512,
35087,7702,11027,35165,939,16725,
35091,2577,8261,21358,27619,20955,
35099,4665,5480,6686,9606,11998,
35106,961,9018,24651,15831,22028,
35121,191,1486,6265,8623,13419,
35131,3527,4989,9477,13847,14673,
35149,18634,2310,3365,8843,11779,
35152,948,2114,2706,5423,15386,
35161,3127,33442,6915,7598,10162,
35162,3825,167,819,1378,2346,
35164,845,3065,3837,4234,4339,
35176,9932,28050,28488,8780,27184,
35197,27314,10263,14253,654,2841,
35202,5360,8606,10944,13087,24183,
35206,22504,25733,31319,32965,35179,
35208,1,29,152,468,549,
35215,25964,4529,2677,8623,11455,
35219,5967,3673,23574,8864,15360,
35235,20377,23824,29931,30471,4005,
35237,2026,2113,2508,3490,4561,
35272,1234,1629,2434,6674,8185,
35276,23311,7763,28142,153,2092,
35287,2532,5919,12619,
35312,24356,7582,577,11776,31317,
35323,5429,30357,24111,6884,26075,
35357,1234,2434,6674,8602,11645,
35367,6009,16323,7010,33402,26395,
35380,26480,26063,10637,19475,33226,
35386,8985,33654,
35409,13686,19706,29010,11470,23962,
35435,1,29,152,468,549,
35438,5287,7706,8005,10210,18076,
35449,11019,16651,10103,29781,2439,
35468,24167,12571,34235,19366,2902,
35469,20684,12965,29898,20586,5655,
35474,695,2026,2113,2508,3490,
35477,22744,29224,25426,26322,35574,
35500,81,1169,1266,1353,1490,
35503,26098,4108,18398,18966,23645,
35504,2026,2113,2508,3490,4561,
35510,562,844,8454,14818,17119,
35517,588,2945,3277,10094,13026,
35520,6985,14042,22438,5700,8470,
35522,1050,8518,9729,10111,11080,
35550,20536,2610,8512,25685,7686,
35556,15778,17831,27966,33052,27710,
35568,14394,16923,21333,24708,25882,
35574,10579,29224,1947,7076,1895,
35591,5700,6985,8470,11514,14042,
35677,24707,834,11891,14085,
35696,9741,13376,3847,4362,4823,
35710,1169,1743,2487,3189,4983,
35720,7702,11027,35165,35087,939,
35734,8469,3847,4231,10001,16114,
35750,14218,19243,19697,23321,33632,
35765,33637,34802,14405,31730,24895,
35772,3866,4930,7090,7990,9667,
35792,28488,13829,28387,35853,1486,
35794,1234,1629,2434,6674,8602,
35797,1,29,152,549,1153,
35799,14630,562,6925,17489,17535,
35800,19,825,978,1091,1974,
35842,906,1960,3128,5375,7934,
35847,2706,948,2114,5423,15386,
35853,1,29,152,191,221,
35877,12928,31275,12239,3292,20446,
35880,588,2945,3277,13458,14349,
35885,7728,8134,10006,11237,11421,
35892,6818,14253,19493,20276,33145,
35926,1460,5846,7974,11004,11497,
35932,15258,1844,2191,34460,35634,
35935,2951,4342,4597,9365,9773,
35963,14254,19164,29693,474,1057,
35975,8969,23465,2026,2113,2508,
36000,27392,1738,2124,3031,3433,
36002,10543,34283,17412,22938,25514,
36012,16778,610,10972,2917,5353,
36016,2730,8340,6044,19797,33438,
36058,23563,24545,8469,28914,18850,
36064,124,261,437,543,1139,
36074,5846,29896,373,845,1264,
36087,284,458,466,504,574,
36091,26253,73,190,1105,2951,
36097,29425,5483,1336,6067,613,
36106,9006,124,261,437,543,
36125,124,261,437,543,1139,
36139,27298,22565,22457,13084,23962,
